,Dimension,Number of Phenotypes,Vectors of probability,Std value,Accuracy,Euclidean Distance
0,2,2,"[array([0.8, 0.1, 0.1, 0. ]), array([0. , 0.1, 0.1, 0.8])]",2.0,1.0,1.131
1,2,2,"[array([0.75, 0.1 , 0.1 , 0.05]), array([0.05, 0.1 , 0.1 , 0.75])]",2.0,1.0,0.99
2,2,2,"[array([0.7, 0.1, 0.1, 0.1]), array([0.1, 0.1, 0.1, 0.7])]",2.0,1.0,0.849
3,2,2,"[array([0.65, 0.1 , 0.1 , 0.15]), array([0.15, 0.1 , 0.1 , 0.65])]",2.0,1.0,0.707
4,2,2,"[array([0.6, 0.1, 0.1, 0.2]), array([0.2, 0.1, 0.1, 0.6])]",2.0,0.52,0.566
5,2,2,"[array([0.55, 0.1 , 0.1 , 0.25]), array([0.25, 0.1 , 0.1 , 0.55])]",2.0,0.69,0.424
6,2,2,"[array([0.5, 0.1, 0.1, 0.3]), array([0.3, 0.1, 0.1, 0.5])]",2.0,0.5,0.283
7,2,2,"[array([0.45, 0.1 , 0.1 , 0.35]), array([0.35, 0.1 , 0.1 , 0.45])]",2.0,0.58,0.141
8,2,2,"[array([0.4, 0.1, 0.1, 0.4]), array([0.4, 0.1, 0.1, 0.4])]",2.0,0.54,0.0
9,2,2,"[array([0.35, 0.1 , 0.1 , 0.45]), array([0.45, 0.1 , 0.1 , 0.35])]",2.0,0.55,0.141
10,2,2,"[array([0.3, 0.1, 0.1, 0.5]), array([0.5, 0.1, 0.1, 0.3])]",2.0,0.63,0.283
11,2,2,"[array([0.25, 0.1 , 0.1 , 0.55]), array([0.55, 0.1 , 0.1 , 0.25])]",2.0,0.52,0.424
12,2,2,"[array([0.2, 0.1, 0.1, 0.6]), array([0.6, 0.1, 0.1, 0.2])]",2.0,0.98,0.566
13,2,2,"[array([0.15, 0.1 , 0.1 , 0.65]), array([0.65, 0.1 , 0.1 , 0.15])]",2.0,0.97,0.707
14,2,2,"[array([0.1, 0.1, 0.1, 0.7]), array([0.7, 0.1, 0.1, 0.1])]",2.0,1.0,0.849
15,2,2,"[array([0.05, 0.1 , 0.1 , 0.75]), array([0.75, 0.1 , 0.1 , 0.05])]",2.0,1.0,0.99
16,2,2,"[array([0.8, 0.1, 0.1, 0. ]), array([0. , 0.1, 0.1, 0.8])]",2.0,1.0,1.131
17,2,2,"[array([0.75, 0.1 , 0.1 , 0.05]), array([0.05, 0.1 , 0.1 , 0.75])]",2.0,0.99,0.99
18,2,2,"[array([0.7, 0.1, 0.1, 0.1]), array([0.1, 0.1, 0.1, 0.7])]",2.0,0.99,0.849
19,2,2,"[array([0.65, 0.1 , 0.1 , 0.15]), array([0.15, 0.1 , 0.1 , 0.65])]",2.0,0.99,0.707
20,2,2,"[array([0.6, 0.1, 0.1, 0.2]), array([0.2, 0.1, 0.1, 0.6])]",2.0,0.84,0.566
21,2,2,"[array([0.55, 0.1 , 0.1 , 0.25]), array([0.25, 0.1 , 0.1 , 0.55])]",2.0,0.54,0.424
22,2,2,"[array([0.5, 0.1, 0.1, 0.3]), array([0.3, 0.1, 0.1, 0.5])]",2.0,0.55,0.283
23,2,2,"[array([0.45, 0.1 , 0.1 , 0.35]), array([0.35, 0.1 , 0.1 , 0.45])]",2.0,0.51,0.141
24,2,2,"[array([0.4, 0.1, 0.1, 0.4]), array([0.4, 0.1, 0.1, 0.4])]",2.0,0.52,0.0
25,2,2,"[array([0.35, 0.1 , 0.1 , 0.45]), array([0.45, 0.1 , 0.1 , 0.35])]",2.0,0.5,0.141
26,2,2,"[array([0.3, 0.1, 0.1, 0.5]), array([0.5, 0.1, 0.1, 0.3])]",2.0,0.51,0.283
27,2,2,"[array([0.25, 0.1 , 0.1 , 0.55]), array([0.55, 0.1 , 0.1 , 0.25])]",2.0,0.67,0.424
28,2,2,"[array([0.2, 0.1, 0.1, 0.6]), array([0.6, 0.1, 0.1, 0.2])]",2.0,1.0,0.566
29,2,2,"[array([0.15, 0.1 , 0.1 , 0.65]), array([0.65, 0.1 , 0.1 , 0.15])]",2.0,1.0,0.707
30,2,2,"[array([0.1, 0.1, 0.1, 0.7]), array([0.7, 0.1, 0.1, 0.1])]",2.0,0.95,0.849
31,2,2,"[array([0.05, 0.1 , 0.1 , 0.75]), array([0.75, 0.1 , 0.1 , 0.05])]",2.0,0.99,0.99
32,2,2,"[array([0.8, 0.1, 0.1, 0. ]), array([0. , 0.1, 0.1, 0.8])]",2.0,1.0,1.131
33,2,2,"[array([0.75, 0.1 , 0.1 , 0.05]), array([0.05, 0.1 , 0.1 , 0.75])]",2.0,1.0,0.99
34,2,2,"[array([0.7, 0.1, 0.1, 0.1]), array([0.1, 0.1, 0.1, 0.7])]",2.0,1.0,0.849
35,2,2,"[array([0.65, 0.1 , 0.1 , 0.15]), array([0.15, 0.1 , 0.1 , 0.65])]",2.0,0.98,0.707
36,2,2,"[array([0.6, 0.1, 0.1, 0.2]), array([0.2, 0.1, 0.1, 0.6])]",2.0,0.98,0.566
37,2,2,"[array([0.55, 0.1 , 0.1 , 0.25]), array([0.25, 0.1 , 0.1 , 0.55])]",2.0,0.76,0.424
38,2,2,"[array([0.5, 0.1, 0.1, 0.3]), array([0.3, 0.1, 0.1, 0.5])]",2.0,0.52,0.283
39,2,2,"[array([0.45, 0.1 , 0.1 , 0.35]), array([0.35, 0.1 , 0.1 , 0.45])]",2.0,0.5,0.141
40,2,2,"[array([0.4, 0.1, 0.1, 0.4]), array([0.4, 0.1, 0.1, 0.4])]",2.0,0.63,0.0
41,2,2,"[array([0.35, 0.1 , 0.1 , 0.45]), array([0.45, 0.1 , 0.1 , 0.35])]",2.0,0.54,0.141
42,2,2,"[array([0.3, 0.1, 0.1, 0.5]), array([0.5, 0.1, 0.1, 0.3])]",2.0,0.56,0.283
43,2,2,"[array([0.25, 0.1 , 0.1 , 0.55]), array([0.55, 0.1 , 0.1 , 0.25])]",2.0,0.75,0.424
44,2,2,"[array([0.2, 0.1, 0.1, 0.6]), array([0.6, 0.1, 0.1, 0.2])]",2.0,0.88,0.566
45,2,2,"[array([0.15, 0.1 , 0.1 , 0.65]), array([0.65, 0.1 , 0.1 , 0.15])]",2.0,0.94,0.707
46,2,2,"[array([0.1, 0.1, 0.1, 0.7]), array([0.7, 0.1, 0.1, 0.1])]",2.0,1.0,0.849
47,2,2,"[array([0.05, 0.1 , 0.1 , 0.75]), array([0.75, 0.1 , 0.1 , 0.05])]",2.0,1.0,0.99
48,2,2,"[array([0.8, 0.1, 0.1, 0. ]), array([0. , 0.1, 0.1, 0.8])]",2.0,1.0,1.131
49,2,2,"[array([0.75, 0.1 , 0.1 , 0.05]), array([0.05, 0.1 , 0.1 , 0.75])]",2.0,1.0,0.99
50,2,2,"[array([0.7, 0.1, 0.1, 0.1]), array([0.1, 0.1, 0.1, 0.7])]",2.0,1.0,0.849
51,2,2,"[array([0.65, 0.1 , 0.1 , 0.15]), array([0.15, 0.1 , 0.1 , 0.65])]",2.0,1.0,0.707
52,2,2,"[array([0.6, 0.1, 0.1, 0.2]), array([0.2, 0.1, 0.1, 0.6])]",2.0,0.77,0.566
53,2,2,"[array([0.55, 0.1 , 0.1 , 0.25]), array([0.25, 0.1 , 0.1 , 0.55])]",2.0,0.76,0.424
54,2,2,"[array([0.5, 0.1, 0.1, 0.3]), array([0.3, 0.1, 0.1, 0.5])]",2.0,0.54,0.283
55,2,2,"[array([0.45, 0.1 , 0.1 , 0.35]), array([0.35, 0.1 , 0.1 , 0.45])]",2.0,0.51,0.141
56,2,2,"[array([0.4, 0.1, 0.1, 0.4]), array([0.4, 0.1, 0.1, 0.4])]",2.0,0.52,0.0
57,2,2,"[array([0.35, 0.1 , 0.1 , 0.45]), array([0.45, 0.1 , 0.1 , 0.35])]",2.0,0.51,0.141
58,2,2,"[array([0.3, 0.1, 0.1, 0.5]), array([0.5, 0.1, 0.1, 0.3])]",2.0,0.59,0.283
59,2,2,"[array([0.25, 0.1 , 0.1 , 0.55]), array([0.55, 0.1 , 0.1 , 0.25])]",2.0,0.85,0.424
60,2,2,"[array([0.2, 0.1, 0.1, 0.6]), array([0.6, 0.1, 0.1, 0.2])]",2.0,0.96,0.566
61,2,2,"[array([0.15, 0.1 , 0.1 , 0.65]), array([0.65, 0.1 , 0.1 , 0.15])]",2.0,0.99,0.707
62,2,2,"[array([0.1, 0.1, 0.1, 0.7]), array([0.7, 0.1, 0.1, 0.1])]",2.0,0.96,0.849
63,2,2,"[array([0.05, 0.1 , 0.1 , 0.75]), array([0.75, 0.1 , 0.1 , 0.05])]",2.0,1.0,0.99
64,2,2,"[array([0.8, 0.1, 0.1, 0. ]), array([0. , 0.1, 0.1, 0.8])]",2.0,1.0,1.131
65,2,2,"[array([0.75, 0.1 , 0.1 , 0.05]), array([0.05, 0.1 , 0.1 , 0.75])]",2.0,1.0,0.99
66,2,2,"[array([0.7, 0.1, 0.1, 0.1]), array([0.1, 0.1, 0.1, 0.7])]",2.0,1.0,0.849
67,2,2,"[array([0.65, 0.1 , 0.1 , 0.15]), array([0.15, 0.1 , 0.1 , 0.65])]",2.0,0.97,0.707
68,2,2,"[array([0.6, 0.1, 0.1, 0.2]), array([0.2, 0.1, 0.1, 0.6])]",2.0,0.95,0.566
69,2,2,"[array([0.55, 0.1 , 0.1 , 0.25]), array([0.25, 0.1 , 0.1 , 0.55])]",2.0,0.84,0.424
70,2,2,"[array([0.5, 0.1, 0.1, 0.3]), array([0.3, 0.1, 0.1, 0.5])]",2.0,0.63,0.283
71,2,2,"[array([0.45, 0.1 , 0.1 , 0.35]), array([0.35, 0.1 , 0.1 , 0.45])]",2.0,0.51,0.141
72,2,2,"[array([0.4, 0.1, 0.1, 0.4]), array([0.4, 0.1, 0.1, 0.4])]",2.0,0.52,0.0
73,2,2,"[array([0.35, 0.1 , 0.1 , 0.45]), array([0.45, 0.1 , 0.1 , 0.35])]",2.0,0.58,0.141
74,2,2,"[array([0.3, 0.1, 0.1, 0.5]), array([0.5, 0.1, 0.1, 0.3])]",2.0,0.55,0.283
75,2,2,"[array([0.25, 0.1 , 0.1 , 0.55]), array([0.55, 0.1 , 0.1 , 0.25])]",2.0,0.97,0.424
76,2,2,"[array([0.2, 0.1, 0.1, 0.6]), array([0.6, 0.1, 0.1, 0.2])]",2.0,0.77,0.566
77,2,2,"[array([0.15, 0.1 , 0.1 , 0.65]), array([0.65, 0.1 , 0.1 , 0.15])]",2.0,0.78,0.707
78,2,2,"[array([0.1, 0.1, 0.1, 0.7]), array([0.7, 0.1, 0.1, 0.1])]",2.0,0.99,0.849
79,2,2,"[array([0.05, 0.1 , 0.1 , 0.75]), array([0.75, 0.1 , 0.1 , 0.05])]",2.0,1.0,0.99
80,2,2,"[array([0.8, 0.1, 0.1, 0. ]), array([0. , 0.1, 0.1, 0.8])]",2.0,0.99,1.131
81,2,2,"[array([0.75, 0.1 , 0.1 , 0.05]), array([0.05, 0.1 , 0.1 , 0.75])]",2.0,1.0,0.99
82,2,2,"[array([0.7, 0.1, 0.1, 0.1]), array([0.1, 0.1, 0.1, 0.7])]",2.0,1.0,0.849
83,2,2,"[array([0.65, 0.1 , 0.1 , 0.15]), array([0.15, 0.1 , 0.1 , 0.65])]",2.0,1.0,0.707
84,2,2,"[array([0.6, 0.1, 0.1, 0.2]), array([0.2, 0.1, 0.1, 0.6])]",2.0,0.85,0.566
85,2,2,"[array([0.55, 0.1 , 0.1 , 0.25]), array([0.25, 0.1 , 0.1 , 0.55])]",2.0,0.8,0.424
86,2,2,"[array([0.5, 0.1, 0.1, 0.3]), array([0.3, 0.1, 0.1, 0.5])]",2.0,0.58,0.283
87,2,2,"[array([0.45, 0.1 , 0.1 , 0.35]), array([0.35, 0.1 , 0.1 , 0.45])]",2.0,0.57,0.141
88,2,2,"[array([0.4, 0.1, 0.1, 0.4]), array([0.4, 0.1, 0.1, 0.4])]",2.0,0.59,0.0
89,2,2,"[array([0.35, 0.1 , 0.1 , 0.45]), array([0.45, 0.1 , 0.1 , 0.35])]",2.0,0.58,0.141
90,2,2,"[array([0.3, 0.1, 0.1, 0.5]), array([0.5, 0.1, 0.1, 0.3])]",2.0,0.51,0.283
91,2,2,"[array([0.25, 0.1 , 0.1 , 0.55]), array([0.55, 0.1 , 0.1 , 0.25])]",2.0,0.75,0.424
92,2,2,"[array([0.2, 0.1, 0.1, 0.6]), array([0.6, 0.1, 0.1, 0.2])]",2.0,0.99,0.566
93,2,2,"[array([0.15, 0.1 , 0.1 , 0.65]), array([0.65, 0.1 , 0.1 , 0.15])]",2.0,0.92,0.707
94,2,2,"[array([0.1, 0.1, 0.1, 0.7]), array([0.7, 0.1, 0.1, 0.1])]",2.0,1.0,0.849
95,2,2,"[array([0.05, 0.1 , 0.1 , 0.75]), array([0.75, 0.1 , 0.1 , 0.05])]",2.0,1.0,0.99
96,2,2,"[array([0.8, 0.1, 0.1, 0. ]), array([0. , 0.1, 0.1, 0.8])]",2.0,1.0,1.131
97,2,2,"[array([0.75, 0.1 , 0.1 , 0.05]), array([0.05, 0.1 , 0.1 , 0.75])]",2.0,0.81,0.99
98,2,2,"[array([0.7, 0.1, 0.1, 0.1]), array([0.1, 0.1, 0.1, 0.7])]",2.0,0.99,0.849
99,2,2,"[array([0.65, 0.1 , 0.1 , 0.15]), array([0.15, 0.1 , 0.1 , 0.65])]",2.0,0.96,0.707
100,2,2,"[array([0.6, 0.1, 0.1, 0.2]), array([0.2, 0.1, 0.1, 0.6])]",2.0,0.97,0.566
101,2,2,"[array([0.55, 0.1 , 0.1 , 0.25]), array([0.25, 0.1 , 0.1 , 0.55])]",2.0,0.8,0.424
102,2,2,"[array([0.5, 0.1, 0.1, 0.3]), array([0.3, 0.1, 0.1, 0.5])]",2.0,0.59,0.283
103,2,2,"[array([0.45, 0.1 , 0.1 , 0.35]), array([0.35, 0.1 , 0.1 , 0.45])]",2.0,0.57,0.141
104,2,2,"[array([0.4, 0.1, 0.1, 0.4]), array([0.4, 0.1, 0.1, 0.4])]",2.0,0.55,0.0
105,2,2,"[array([0.35, 0.1 , 0.1 , 0.45]), array([0.45, 0.1 , 0.1 , 0.35])]",2.0,0.58,0.141
106,2,2,"[array([0.3, 0.1, 0.1, 0.5]), array([0.5, 0.1, 0.1, 0.3])]",2.0,0.58,0.283
107,2,2,"[array([0.25, 0.1 , 0.1 , 0.55]), array([0.55, 0.1 , 0.1 , 0.25])]",2.0,0.64,0.424
108,2,2,"[array([0.2, 0.1, 0.1, 0.6]), array([0.6, 0.1, 0.1, 0.2])]",2.0,0.75,0.566
109,2,2,"[array([0.15, 0.1 , 0.1 , 0.65]), array([0.65, 0.1 , 0.1 , 0.15])]",2.0,1.0,0.707
110,2,2,"[array([0.1, 0.1, 0.1, 0.7]), array([0.7, 0.1, 0.1, 0.1])]",2.0,0.98,0.849
111,2,2,"[array([0.05, 0.1 , 0.1 , 0.75]), array([0.75, 0.1 , 0.1 , 0.05])]",2.0,1.0,0.99
112,2,2,"[array([0.8, 0.1, 0.1, 0. ]), array([0. , 0.1, 0.1, 0.8])]",2.0,1.0,1.131
113,2,2,"[array([0.75, 0.1 , 0.1 , 0.05]), array([0.05, 0.1 , 0.1 , 0.75])]",2.0,1.0,0.99
114,2,2,"[array([0.7, 0.1, 0.1, 0.1]), array([0.1, 0.1, 0.1, 0.7])]",2.0,0.99,0.849
115,2,2,"[array([0.65, 0.1 , 0.1 , 0.15]), array([0.15, 0.1 , 0.1 , 0.65])]",2.0,1.0,0.707
116,2,2,"[array([0.6, 0.1, 0.1, 0.2]), array([0.2, 0.1, 0.1, 0.6])]",2.0,0.82,0.566
117,2,2,"[array([0.55, 0.1 , 0.1 , 0.25]), array([0.25, 0.1 , 0.1 , 0.55])]",2.0,0.64,0.424
118,2,2,"[array([0.5, 0.1, 0.1, 0.3]), array([0.3, 0.1, 0.1, 0.5])]",2.0,0.58,0.283
119,2,2,"[array([0.45, 0.1 , 0.1 , 0.35]), array([0.35, 0.1 , 0.1 , 0.45])]",2.0,0.54,0.141
120,2,2,"[array([0.4, 0.1, 0.1, 0.4]), array([0.4, 0.1, 0.1, 0.4])]",2.0,0.53,0.0
121,2,2,"[array([0.35, 0.1 , 0.1 , 0.45]), array([0.45, 0.1 , 0.1 , 0.35])]",2.0,0.54,0.141
122,2,2,"[array([0.3, 0.1, 0.1, 0.5]), array([0.5, 0.1, 0.1, 0.3])]",2.0,0.55,0.283
123,2,2,"[array([0.25, 0.1 , 0.1 , 0.55]), array([0.55, 0.1 , 0.1 , 0.25])]",2.0,0.82,0.424
124,2,2,"[array([0.2, 0.1, 0.1, 0.6]), array([0.6, 0.1, 0.1, 0.2])]",2.0,0.95,0.566
125,2,2,"[array([0.15, 0.1 , 0.1 , 0.65]), array([0.65, 0.1 , 0.1 , 0.15])]",2.0,0.97,0.707
126,2,2,"[array([0.1, 0.1, 0.1, 0.7]), array([0.7, 0.1, 0.1, 0.1])]",2.0,0.97,0.849
127,2,2,"[array([0.05, 0.1 , 0.1 , 0.75]), array([0.75, 0.1 , 0.1 , 0.05])]",2.0,1.0,0.99
128,2,2,"[array([0.8, 0.1, 0.1, 0. ]), array([0. , 0.1, 0.1, 0.8])]",2.0,1.0,1.131
129,2,2,"[array([0.75, 0.1 , 0.1 , 0.05]), array([0.05, 0.1 , 0.1 , 0.75])]",2.0,1.0,0.99
130,2,2,"[array([0.7, 0.1, 0.1, 0.1]), array([0.1, 0.1, 0.1, 0.7])]",2.0,0.99,0.849
131,2,2,"[array([0.65, 0.1 , 0.1 , 0.15]), array([0.15, 0.1 , 0.1 , 0.65])]",2.0,0.99,0.707
132,2,2,"[array([0.6, 0.1, 0.1, 0.2]), array([0.2, 0.1, 0.1, 0.6])]",2.0,0.57,0.566
133,2,2,"[array([0.55, 0.1 , 0.1 , 0.25]), array([0.25, 0.1 , 0.1 , 0.55])]",2.0,0.8,0.424
134,2,2,"[array([0.5, 0.1, 0.1, 0.3]), array([0.3, 0.1, 0.1, 0.5])]",2.0,0.62,0.283
135,2,2,"[array([0.45, 0.1 , 0.1 , 0.35]), array([0.35, 0.1 , 0.1 , 0.45])]",2.0,0.54,0.141
136,2,2,"[array([0.4, 0.1, 0.1, 0.4]), array([0.4, 0.1, 0.1, 0.4])]",2.0,0.6,0.0
137,2,2,"[array([0.35, 0.1 , 0.1 , 0.45]), array([0.45, 0.1 , 0.1 , 0.35])]",2.0,0.53,0.141
138,2,2,"[array([0.3, 0.1, 0.1, 0.5]), array([0.5, 0.1, 0.1, 0.3])]",2.0,0.71,0.283
139,2,2,"[array([0.25, 0.1 , 0.1 , 0.55]), array([0.55, 0.1 , 0.1 , 0.25])]",2.0,0.83,0.424
140,2,2,"[array([0.2, 0.1, 0.1, 0.6]), array([0.6, 0.1, 0.1, 0.2])]",2.0,0.96,0.566
141,2,2,"[array([0.15, 0.1 , 0.1 , 0.65]), array([0.65, 0.1 , 0.1 , 0.15])]",2.0,0.93,0.707
142,2,2,"[array([0.1, 0.1, 0.1, 0.7]), array([0.7, 0.1, 0.1, 0.1])]",2.0,1.0,0.849
143,2,2,"[array([0.05, 0.1 , 0.1 , 0.75]), array([0.75, 0.1 , 0.1 , 0.05])]",2.0,1.0,0.99
144,2,2,"[array([0.8, 0.1, 0.1, 0. ]), array([0. , 0.1, 0.1, 0.8])]",2.0,0.99,1.131
145,2,2,"[array([0.75, 0.1 , 0.1 , 0.05]), array([0.05, 0.1 , 0.1 , 0.75])]",2.0,1.0,0.99
146,2,2,"[array([0.7, 0.1, 0.1, 0.1]), array([0.1, 0.1, 0.1, 0.7])]",2.0,1.0,0.849
147,2,2,"[array([0.65, 0.1 , 0.1 , 0.15]), array([0.15, 0.1 , 0.1 , 0.65])]",2.0,0.94,0.707
148,2,2,"[array([0.6, 0.1, 0.1, 0.2]), array([0.2, 0.1, 0.1, 0.6])]",2.0,0.96,0.566
149,2,2,"[array([0.55, 0.1 , 0.1 , 0.25]), array([0.25, 0.1 , 0.1 , 0.55])]",2.0,0.67,0.424
150,2,2,"[array([0.5, 0.1, 0.1, 0.3]), array([0.3, 0.1, 0.1, 0.5])]",2.0,0.65,0.283
151,2,2,"[array([0.45, 0.1 , 0.1 , 0.35]), array([0.35, 0.1 , 0.1 , 0.45])]",2.0,0.51,0.141
152,2,2,"[array([0.4, 0.1, 0.1, 0.4]), array([0.4, 0.1, 0.1, 0.4])]",2.0,0.54,0.0
153,2,2,"[array([0.35, 0.1 , 0.1 , 0.45]), array([0.45, 0.1 , 0.1 , 0.35])]",2.0,0.55,0.141
154,2,2,"[array([0.3, 0.1, 0.1, 0.5]), array([0.5, 0.1, 0.1, 0.3])]",2.0,0.57,0.283
155,2,2,"[array([0.25, 0.1 , 0.1 , 0.55]), array([0.55, 0.1 , 0.1 , 0.25])]",2.0,0.76,0.424
156,2,2,"[array([0.2, 0.1, 0.1, 0.6]), array([0.6, 0.1, 0.1, 0.2])]",2.0,0.96,0.566
157,2,2,"[array([0.15, 0.1 , 0.1 , 0.65]), array([0.65, 0.1 , 0.1 , 0.15])]",2.0,0.96,0.707
158,2,2,"[array([0.1, 0.1, 0.1, 0.7]), array([0.7, 0.1, 0.1, 0.1])]",2.0,1.0,0.849
159,2,2,"[array([0.05, 0.1 , 0.1 , 0.75]), array([0.75, 0.1 , 0.1 , 0.05])]",2.0,1.0,0.99
160,2,2,"[array([0.8, 0.1, 0.1, 0. ]), array([0. , 0.1, 0.1, 0.8])]",1.0,1.0,1.131
161,2,2,"[array([0.75, 0.1 , 0.1 , 0.05]), array([0.05, 0.1 , 0.1 , 0.75])]",1.0,1.0,0.99
162,2,2,"[array([0.7, 0.1, 0.1, 0.1]), array([0.1, 0.1, 0.1, 0.7])]",1.0,1.0,0.849
163,2,2,"[array([0.65, 0.1 , 0.1 , 0.15]), array([0.15, 0.1 , 0.1 , 0.65])]",1.0,1.0,0.707
164,2,2,"[array([0.6, 0.1, 0.1, 0.2]), array([0.2, 0.1, 0.1, 0.6])]",1.0,1.0,0.566
165,2,2,"[array([0.55, 0.1 , 0.1 , 0.25]), array([0.25, 0.1 , 0.1 , 0.55])]",1.0,0.98,0.424
166,2,2,"[array([0.5, 0.1, 0.1, 0.3]), array([0.3, 0.1, 0.1, 0.5])]",1.0,0.66,0.283
167,2,2,"[array([0.45, 0.1 , 0.1 , 0.35]), array([0.35, 0.1 , 0.1 , 0.45])]",1.0,0.6,0.141
168,2,2,"[array([0.4, 0.1, 0.1, 0.4]), array([0.4, 0.1, 0.1, 0.4])]",1.0,0.51,0.0
169,2,2,"[array([0.35, 0.1 , 0.1 , 0.45]), array([0.45, 0.1 , 0.1 , 0.35])]",1.0,0.6,0.141
170,2,2,"[array([0.3, 0.1, 0.1, 0.5]), array([0.5, 0.1, 0.1, 0.3])]",1.0,0.55,0.283
171,2,2,"[array([0.25, 0.1 , 0.1 , 0.55]), array([0.55, 0.1 , 0.1 , 0.25])]",1.0,0.97,0.424
172,2,2,"[array([0.2, 0.1, 0.1, 0.6]), array([0.6, 0.1, 0.1, 0.2])]",1.0,0.73,0.566
173,2,2,"[array([0.15, 0.1 , 0.1 , 0.65]), array([0.65, 0.1 , 0.1 , 0.15])]",1.0,1.0,0.707
174,2,2,"[array([0.1, 0.1, 0.1, 0.7]), array([0.7, 0.1, 0.1, 0.1])]",1.0,0.98,0.849
175,2,2,"[array([0.05, 0.1 , 0.1 , 0.75]), array([0.75, 0.1 , 0.1 , 0.05])]",1.0,1.0,0.99
176,2,2,"[array([0.8, 0.1, 0.1, 0. ]), array([0. , 0.1, 0.1, 0.8])]",1.0,1.0,1.131
177,2,2,"[array([0.75, 0.1 , 0.1 , 0.05]), array([0.05, 0.1 , 0.1 , 0.75])]",1.0,1.0,0.99
178,2,2,"[array([0.7, 0.1, 0.1, 0.1]), array([0.1, 0.1, 0.1, 0.7])]",1.0,1.0,0.849
179,2,2,"[array([0.65, 0.1 , 0.1 , 0.15]), array([0.15, 0.1 , 0.1 , 0.65])]",1.0,1.0,0.707
180,2,2,"[array([0.6, 0.1, 0.1, 0.2]), array([0.2, 0.1, 0.1, 0.6])]",1.0,1.0,0.566
181,2,2,"[array([0.55, 0.1 , 0.1 , 0.25]), array([0.25, 0.1 , 0.1 , 0.55])]",1.0,0.9,0.424
182,2,2,"[array([0.5, 0.1, 0.1, 0.3]), array([0.3, 0.1, 0.1, 0.5])]",1.0,0.5,0.283
183,2,2,"[array([0.45, 0.1 , 0.1 , 0.35]), array([0.35, 0.1 , 0.1 , 0.45])]",1.0,0.58,0.141
184,2,2,"[array([0.4, 0.1, 0.1, 0.4]), array([0.4, 0.1, 0.1, 0.4])]",1.0,0.53,0.0
185,2,2,"[array([0.35, 0.1 , 0.1 , 0.45]), array([0.45, 0.1 , 0.1 , 0.35])]",1.0,0.56,0.141
186,2,2,"[array([0.3, 0.1, 0.1, 0.5]), array([0.5, 0.1, 0.1, 0.3])]",1.0,0.72,0.283
187,2,2,"[array([0.25, 0.1 , 0.1 , 0.55]), array([0.55, 0.1 , 0.1 , 0.25])]",1.0,1.0,0.424
188,2,2,"[array([0.2, 0.1, 0.1, 0.6]), array([0.6, 0.1, 0.1, 0.2])]",1.0,1.0,0.566
189,2,2,"[array([0.15, 0.1 , 0.1 , 0.65]), array([0.65, 0.1 , 0.1 , 0.15])]",1.0,1.0,0.707
190,2,2,"[array([0.1, 0.1, 0.1, 0.7]), array([0.7, 0.1, 0.1, 0.1])]",1.0,1.0,0.849
191,2,2,"[array([0.05, 0.1 , 0.1 , 0.75]), array([0.75, 0.1 , 0.1 , 0.05])]",1.0,1.0,0.99
192,2,2,"[array([0.8, 0.1, 0.1, 0. ]), array([0. , 0.1, 0.1, 0.8])]",1.0,1.0,1.131
193,2,2,"[array([0.75, 0.1 , 0.1 , 0.05]), array([0.05, 0.1 , 0.1 , 0.75])]",1.0,1.0,0.99
194,2,2,"[array([0.7, 0.1, 0.1, 0.1]), array([0.1, 0.1, 0.1, 0.7])]",1.0,1.0,0.849
195,2,2,"[array([0.65, 0.1 , 0.1 , 0.15]), array([0.15, 0.1 , 0.1 , 0.65])]",1.0,0.98,0.707
196,2,2,"[array([0.6, 0.1, 0.1, 0.2]), array([0.2, 0.1, 0.1, 0.6])]",1.0,1.0,0.566
197,2,2,"[array([0.55, 0.1 , 0.1 , 0.25]), array([0.25, 0.1 , 0.1 , 0.55])]",1.0,0.92,0.424
198,2,2,"[array([0.5, 0.1, 0.1, 0.3]), array([0.3, 0.1, 0.1, 0.5])]",1.0,0.52,0.283
199,2,2,"[array([0.45, 0.1 , 0.1 , 0.35]), array([0.35, 0.1 , 0.1 , 0.45])]",1.0,0.54,0.141
200,2,2,"[array([0.4, 0.1, 0.1, 0.4]), array([0.4, 0.1, 0.1, 0.4])]",1.0,0.59,0.0
201,2,2,"[array([0.35, 0.1 , 0.1 , 0.45]), array([0.45, 0.1 , 0.1 , 0.35])]",1.0,0.51,0.141
202,2,2,"[array([0.3, 0.1, 0.1, 0.5]), array([0.5, 0.1, 0.1, 0.3])]",1.0,0.62,0.283
203,2,2,"[array([0.25, 0.1 , 0.1 , 0.55]), array([0.55, 0.1 , 0.1 , 0.25])]",1.0,0.98,0.424
204,2,2,"[array([0.2, 0.1, 0.1, 0.6]), array([0.6, 0.1, 0.1, 0.2])]",1.0,1.0,0.566
205,2,2,"[array([0.15, 0.1 , 0.1 , 0.65]), array([0.65, 0.1 , 0.1 , 0.15])]",1.0,1.0,0.707
206,2,2,"[array([0.1, 0.1, 0.1, 0.7]), array([0.7, 0.1, 0.1, 0.1])]",1.0,1.0,0.849
207,2,2,"[array([0.05, 0.1 , 0.1 , 0.75]), array([0.75, 0.1 , 0.1 , 0.05])]",1.0,1.0,0.99
208,2,2,"[array([0.8, 0.1, 0.1, 0. ]), array([0. , 0.1, 0.1, 0.8])]",1.0,1.0,1.131
209,2,2,"[array([0.75, 0.1 , 0.1 , 0.05]), array([0.05, 0.1 , 0.1 , 0.75])]",1.0,1.0,0.99
210,2,2,"[array([0.7, 0.1, 0.1, 0.1]), array([0.1, 0.1, 0.1, 0.7])]",1.0,1.0,0.849
211,2,2,"[array([0.65, 0.1 , 0.1 , 0.15]), array([0.15, 0.1 , 0.1 , 0.65])]",1.0,0.99,0.707
212,2,2,"[array([0.6, 0.1, 0.1, 0.2]), array([0.2, 0.1, 0.1, 0.6])]",1.0,0.99,0.566
213,2,2,"[array([0.55, 0.1 , 0.1 , 0.25]), array([0.25, 0.1 , 0.1 , 0.55])]",1.0,1.0,0.424
214,2,2,"[array([0.5, 0.1, 0.1, 0.3]), array([0.3, 0.1, 0.1, 0.5])]",1.0,0.63,0.283
215,2,2,"[array([0.45, 0.1 , 0.1 , 0.35]), array([0.35, 0.1 , 0.1 , 0.45])]",1.0,0.57,0.141
216,2,2,"[array([0.4, 0.1, 0.1, 0.4]), array([0.4, 0.1, 0.1, 0.4])]",1.0,0.54,0.0
217,2,2,"[array([0.35, 0.1 , 0.1 , 0.45]), array([0.45, 0.1 , 0.1 , 0.35])]",1.0,0.59,0.141
218,2,2,"[array([0.3, 0.1, 0.1, 0.5]), array([0.5, 0.1, 0.1, 0.3])]",1.0,0.52,0.283
219,2,2,"[array([0.25, 0.1 , 0.1 , 0.55]), array([0.55, 0.1 , 0.1 , 0.25])]",1.0,1.0,0.424
220,2,2,"[array([0.2, 0.1, 0.1, 0.6]), array([0.6, 0.1, 0.1, 0.2])]",1.0,1.0,0.566
221,2,2,"[array([0.15, 0.1 , 0.1 , 0.65]), array([0.65, 0.1 , 0.1 , 0.15])]",1.0,1.0,0.707
222,2,2,"[array([0.1, 0.1, 0.1, 0.7]), array([0.7, 0.1, 0.1, 0.1])]",1.0,1.0,0.849
223,2,2,"[array([0.05, 0.1 , 0.1 , 0.75]), array([0.75, 0.1 , 0.1 , 0.05])]",1.0,1.0,0.99
224,2,2,"[array([0.8, 0.1, 0.1, 0. ]), array([0. , 0.1, 0.1, 0.8])]",1.0,1.0,1.131
225,2,2,"[array([0.75, 0.1 , 0.1 , 0.05]), array([0.05, 0.1 , 0.1 , 0.75])]",1.0,1.0,0.99
226,2,2,"[array([0.7, 0.1, 0.1, 0.1]), array([0.1, 0.1, 0.1, 0.7])]",1.0,1.0,0.849
227,2,2,"[array([0.65, 0.1 , 0.1 , 0.15]), array([0.15, 0.1 , 0.1 , 0.65])]",1.0,1.0,0.707
228,2,2,"[array([0.6, 0.1, 0.1, 0.2]), array([0.2, 0.1, 0.1, 0.6])]",1.0,0.99,0.566
229,2,2,"[array([0.55, 0.1 , 0.1 , 0.25]), array([0.25, 0.1 , 0.1 , 0.55])]",1.0,0.92,0.424
230,2,2,"[array([0.5, 0.1, 0.1, 0.3]), array([0.3, 0.1, 0.1, 0.5])]",1.0,0.77,0.283
231,2,2,"[array([0.45, 0.1 , 0.1 , 0.35]), array([0.35, 0.1 , 0.1 , 0.45])]",1.0,0.55,0.141
232,2,2,"[array([0.4, 0.1, 0.1, 0.4]), array([0.4, 0.1, 0.1, 0.4])]",1.0,0.59,0.0
233,2,2,"[array([0.35, 0.1 , 0.1 , 0.45]), array([0.45, 0.1 , 0.1 , 0.35])]",1.0,0.6,0.141
234,2,2,"[array([0.3, 0.1, 0.1, 0.5]), array([0.5, 0.1, 0.1, 0.3])]",1.0,0.67,0.283
235,2,2,"[array([0.25, 0.1 , 0.1 , 0.55]), array([0.55, 0.1 , 0.1 , 0.25])]",1.0,0.99,0.424
236,2,2,"[array([0.2, 0.1, 0.1, 0.6]), array([0.6, 0.1, 0.1, 0.2])]",1.0,1.0,0.566
237,2,2,"[array([0.15, 0.1 , 0.1 , 0.65]), array([0.65, 0.1 , 0.1 , 0.15])]",1.0,1.0,0.707
238,2,2,"[array([0.1, 0.1, 0.1, 0.7]), array([0.7, 0.1, 0.1, 0.1])]",1.0,1.0,0.849
239,2,2,"[array([0.05, 0.1 , 0.1 , 0.75]), array([0.75, 0.1 , 0.1 , 0.05])]",1.0,1.0,0.99
240,2,2,"[array([0.8, 0.1, 0.1, 0. ]), array([0. , 0.1, 0.1, 0.8])]",1.0,1.0,1.131
241,2,2,"[array([0.75, 0.1 , 0.1 , 0.05]), array([0.05, 0.1 , 0.1 , 0.75])]",1.0,1.0,0.99
242,2,2,"[array([0.7, 0.1, 0.1, 0.1]), array([0.1, 0.1, 0.1, 0.7])]",1.0,1.0,0.849
243,2,2,"[array([0.65, 0.1 , 0.1 , 0.15]), array([0.15, 0.1 , 0.1 , 0.65])]",1.0,1.0,0.707
244,2,2,"[array([0.6, 0.1, 0.1, 0.2]), array([0.2, 0.1, 0.1, 0.6])]",1.0,1.0,0.566
245,2,2,"[array([0.55, 0.1 , 0.1 , 0.25]), array([0.25, 0.1 , 0.1 , 0.55])]",1.0,0.99,0.424
246,2,2,"[array([0.5, 0.1, 0.1, 0.3]), array([0.3, 0.1, 0.1, 0.5])]",1.0,0.78,0.283
247,2,2,"[array([0.45, 0.1 , 0.1 , 0.35]), array([0.35, 0.1 , 0.1 , 0.45])]",1.0,0.54,0.141
248,2,2,"[array([0.4, 0.1, 0.1, 0.4]), array([0.4, 0.1, 0.1, 0.4])]",1.0,0.5,0.0
249,2,2,"[array([0.35, 0.1 , 0.1 , 0.45]), array([0.45, 0.1 , 0.1 , 0.35])]",1.0,0.55,0.141
250,2,2,"[array([0.3, 0.1, 0.1, 0.5]), array([0.5, 0.1, 0.1, 0.3])]",1.0,0.57,0.283
251,2,2,"[array([0.25, 0.1 , 0.1 , 0.55]), array([0.55, 0.1 , 0.1 , 0.25])]",1.0,0.88,0.424
252,2,2,"[array([0.2, 0.1, 0.1, 0.6]), array([0.6, 0.1, 0.1, 0.2])]",1.0,1.0,0.566
253,2,2,"[array([0.15, 0.1 , 0.1 , 0.65]), array([0.65, 0.1 , 0.1 , 0.15])]",1.0,1.0,0.707
254,2,2,"[array([0.1, 0.1, 0.1, 0.7]), array([0.7, 0.1, 0.1, 0.1])]",1.0,1.0,0.849
255,2,2,"[array([0.05, 0.1 , 0.1 , 0.75]), array([0.75, 0.1 , 0.1 , 0.05])]",1.0,1.0,0.99
256,2,2,"[array([0.8, 0.1, 0.1, 0. ]), array([0. , 0.1, 0.1, 0.8])]",1.0,1.0,1.131
257,2,2,"[array([0.75, 0.1 , 0.1 , 0.05]), array([0.05, 0.1 , 0.1 , 0.75])]",1.0,1.0,0.99
258,2,2,"[array([0.7, 0.1, 0.1, 0.1]), array([0.1, 0.1, 0.1, 0.7])]",1.0,1.0,0.849
259,2,2,"[array([0.65, 0.1 , 0.1 , 0.15]), array([0.15, 0.1 , 0.1 , 0.65])]",1.0,0.99,0.707
260,2,2,"[array([0.6, 0.1, 0.1, 0.2]), array([0.2, 0.1, 0.1, 0.6])]",1.0,1.0,0.566
261,2,2,"[array([0.55, 0.1 , 0.1 , 0.25]), array([0.25, 0.1 , 0.1 , 0.55])]",1.0,0.99,0.424
262,2,2,"[array([0.5, 0.1, 0.1, 0.3]), array([0.3, 0.1, 0.1, 0.5])]",1.0,0.8,0.283
263,2,2,"[array([0.45, 0.1 , 0.1 , 0.35]), array([0.35, 0.1 , 0.1 , 0.45])]",1.0,0.57,0.141
264,2,2,"[array([0.4, 0.1, 0.1, 0.4]), array([0.4, 0.1, 0.1, 0.4])]",1.0,0.53,0.0
265,2,2,"[array([0.35, 0.1 , 0.1 , 0.45]), array([0.45, 0.1 , 0.1 , 0.35])]",1.0,0.52,0.141
266,2,2,"[array([0.3, 0.1, 0.1, 0.5]), array([0.5, 0.1, 0.1, 0.3])]",1.0,0.52,0.283
267,2,2,"[array([0.25, 0.1 , 0.1 , 0.55]), array([0.55, 0.1 , 0.1 , 0.25])]",1.0,0.97,0.424
268,2,2,"[array([0.2, 0.1, 0.1, 0.6]), array([0.6, 0.1, 0.1, 0.2])]",1.0,1.0,0.566
269,2,2,"[array([0.15, 0.1 , 0.1 , 0.65]), array([0.65, 0.1 , 0.1 , 0.15])]",1.0,1.0,0.707
270,2,2,"[array([0.1, 0.1, 0.1, 0.7]), array([0.7, 0.1, 0.1, 0.1])]",1.0,1.0,0.849
271,2,2,"[array([0.05, 0.1 , 0.1 , 0.75]), array([0.75, 0.1 , 0.1 , 0.05])]",1.0,1.0,0.99
272,2,2,"[array([0.8, 0.1, 0.1, 0. ]), array([0. , 0.1, 0.1, 0.8])]",1.0,1.0,1.131
273,2,2,"[array([0.75, 0.1 , 0.1 , 0.05]), array([0.05, 0.1 , 0.1 , 0.75])]",1.0,1.0,0.99
274,2,2,"[array([0.7, 0.1, 0.1, 0.1]), array([0.1, 0.1, 0.1, 0.7])]",1.0,1.0,0.849
275,2,2,"[array([0.65, 0.1 , 0.1 , 0.15]), array([0.15, 0.1 , 0.1 , 0.65])]",1.0,0.99,0.707
276,2,2,"[array([0.6, 0.1, 0.1, 0.2]), array([0.2, 0.1, 0.1, 0.6])]",1.0,1.0,0.566
277,2,2,"[array([0.55, 0.1 , 0.1 , 0.25]), array([0.25, 0.1 , 0.1 , 0.55])]",1.0,0.9,0.424
278,2,2,"[array([0.5, 0.1, 0.1, 0.3]), array([0.3, 0.1, 0.1, 0.5])]",1.0,0.73,0.283
279,2,2,"[array([0.45, 0.1 , 0.1 , 0.35]), array([0.35, 0.1 , 0.1 , 0.45])]",1.0,0.51,0.141
280,2,2,"[array([0.4, 0.1, 0.1, 0.4]), array([0.4, 0.1, 0.1, 0.4])]",1.0,0.56,0.0
281,2,2,"[array([0.35, 0.1 , 0.1 , 0.45]), array([0.45, 0.1 , 0.1 , 0.35])]",1.0,0.54,0.141
282,2,2,"[array([0.3, 0.1, 0.1, 0.5]), array([0.5, 0.1, 0.1, 0.3])]",1.0,0.57,0.283
283,2,2,"[array([0.25, 0.1 , 0.1 , 0.55]), array([0.55, 0.1 , 0.1 , 0.25])]",1.0,0.97,0.424
284,2,2,"[array([0.2, 0.1, 0.1, 0.6]), array([0.6, 0.1, 0.1, 0.2])]",1.0,1.0,0.566
285,2,2,"[array([0.15, 0.1 , 0.1 , 0.65]), array([0.65, 0.1 , 0.1 , 0.15])]",1.0,1.0,0.707
286,2,2,"[array([0.1, 0.1, 0.1, 0.7]), array([0.7, 0.1, 0.1, 0.1])]",1.0,0.99,0.849
287,2,2,"[array([0.05, 0.1 , 0.1 , 0.75]), array([0.75, 0.1 , 0.1 , 0.05])]",1.0,1.0,0.99
288,2,2,"[array([0.8, 0.1, 0.1, 0. ]), array([0. , 0.1, 0.1, 0.8])]",1.0,1.0,1.131
289,2,2,"[array([0.75, 0.1 , 0.1 , 0.05]), array([0.05, 0.1 , 0.1 , 0.75])]",1.0,1.0,0.99
290,2,2,"[array([0.7, 0.1, 0.1, 0.1]), array([0.1, 0.1, 0.1, 0.7])]",1.0,1.0,0.849
291,2,2,"[array([0.65, 0.1 , 0.1 , 0.15]), array([0.15, 0.1 , 0.1 , 0.65])]",1.0,1.0,0.707
292,2,2,"[array([0.6, 0.1, 0.1, 0.2]), array([0.2, 0.1, 0.1, 0.6])]",1.0,0.93,0.566
293,2,2,"[array([0.55, 0.1 , 0.1 , 0.25]), array([0.25, 0.1 , 0.1 , 0.55])]",1.0,1.0,0.424
294,2,2,"[array([0.5, 0.1, 0.1, 0.3]), array([0.3, 0.1, 0.1, 0.5])]",1.0,0.7,0.283
295,2,2,"[array([0.45, 0.1 , 0.1 , 0.35]), array([0.35, 0.1 , 0.1 , 0.45])]",1.0,0.5,0.141
296,2,2,"[array([0.4, 0.1, 0.1, 0.4]), array([0.4, 0.1, 0.1, 0.4])]",1.0,0.51,0.0
297,2,2,"[array([0.35, 0.1 , 0.1 , 0.45]), array([0.45, 0.1 , 0.1 , 0.35])]",1.0,0.63,0.141
298,2,2,"[array([0.3, 0.1, 0.1, 0.5]), array([0.5, 0.1, 0.1, 0.3])]",1.0,0.52,0.283
299,2,2,"[array([0.25, 0.1 , 0.1 , 0.55]), array([0.55, 0.1 , 0.1 , 0.25])]",1.0,0.89,0.424
300,2,2,"[array([0.2, 0.1, 0.1, 0.6]), array([0.6, 0.1, 0.1, 0.2])]",1.0,1.0,0.566
301,2,2,"[array([0.15, 0.1 , 0.1 , 0.65]), array([0.65, 0.1 , 0.1 , 0.15])]",1.0,0.99,0.707
302,2,2,"[array([0.1, 0.1, 0.1, 0.7]), array([0.7, 0.1, 0.1, 0.1])]",1.0,1.0,0.849
303,2,2,"[array([0.05, 0.1 , 0.1 , 0.75]), array([0.75, 0.1 , 0.1 , 0.05])]",1.0,1.0,0.99
304,2,2,"[array([0.8, 0.1, 0.1, 0. ]), array([0. , 0.1, 0.1, 0.8])]",1.0,1.0,1.131
305,2,2,"[array([0.75, 0.1 , 0.1 , 0.05]), array([0.05, 0.1 , 0.1 , 0.75])]",1.0,1.0,0.99
306,2,2,"[array([0.7, 0.1, 0.1, 0.1]), array([0.1, 0.1, 0.1, 0.7])]",1.0,1.0,0.849
307,2,2,"[array([0.65, 0.1 , 0.1 , 0.15]), array([0.15, 0.1 , 0.1 , 0.65])]",1.0,1.0,0.707
308,2,2,"[array([0.6, 0.1, 0.1, 0.2]), array([0.2, 0.1, 0.1, 0.6])]",1.0,1.0,0.566
309,2,2,"[array([0.55, 0.1 , 0.1 , 0.25]), array([0.25, 0.1 , 0.1 , 0.55])]",1.0,0.95,0.424
310,2,2,"[array([0.5, 0.1, 0.1, 0.3]), array([0.3, 0.1, 0.1, 0.5])]",1.0,0.74,0.283
311,2,2,"[array([0.45, 0.1 , 0.1 , 0.35]), array([0.35, 0.1 , 0.1 , 0.45])]",1.0,0.55,0.141
312,2,2,"[array([0.4, 0.1, 0.1, 0.4]), array([0.4, 0.1, 0.1, 0.4])]",1.0,0.55,0.0
313,2,2,"[array([0.35, 0.1 , 0.1 , 0.45]), array([0.45, 0.1 , 0.1 , 0.35])]",1.0,0.55,0.141
314,2,2,"[array([0.3, 0.1, 0.1, 0.5]), array([0.5, 0.1, 0.1, 0.3])]",1.0,0.86,0.283
315,2,2,"[array([0.25, 0.1 , 0.1 , 0.55]), array([0.55, 0.1 , 0.1 , 0.25])]",1.0,0.97,0.424
316,2,2,"[array([0.2, 0.1, 0.1, 0.6]), array([0.6, 0.1, 0.1, 0.2])]",1.0,1.0,0.566
317,2,2,"[array([0.15, 0.1 , 0.1 , 0.65]), array([0.65, 0.1 , 0.1 , 0.15])]",1.0,1.0,0.707
318,2,2,"[array([0.1, 0.1, 0.1, 0.7]), array([0.7, 0.1, 0.1, 0.1])]",1.0,1.0,0.849
319,2,2,"[array([0.05, 0.1 , 0.1 , 0.75]), array([0.75, 0.1 , 0.1 , 0.05])]",1.0,0.99,0.99
320,2,2,"[array([0.8, 0.1, 0.1, 0. ]), array([0. , 0.1, 0.1, 0.8])]",0.5,1.0,1.131
321,2,2,"[array([0.75, 0.1 , 0.1 , 0.05]), array([0.05, 0.1 , 0.1 , 0.75])]",0.5,1.0,0.99
322,2,2,"[array([0.7, 0.1, 0.1, 0.1]), array([0.1, 0.1, 0.1, 0.7])]",0.5,1.0,0.849
323,2,2,"[array([0.65, 0.1 , 0.1 , 0.15]), array([0.15, 0.1 , 0.1 , 0.65])]",0.5,1.0,0.707
324,2,2,"[array([0.6, 0.1, 0.1, 0.2]), array([0.2, 0.1, 0.1, 0.6])]",0.5,0.97,0.566
325,2,2,"[array([0.55, 0.1 , 0.1 , 0.25]), array([0.25, 0.1 , 0.1 , 0.55])]",0.5,0.99,0.424
326,2,2,"[array([0.5, 0.1, 0.1, 0.3]), array([0.3, 0.1, 0.1, 0.5])]",0.5,0.96,0.283
327,2,2,"[array([0.45, 0.1 , 0.1 , 0.35]), array([0.35, 0.1 , 0.1 , 0.45])]",0.5,0.63,0.141
328,2,2,"[array([0.4, 0.1, 0.1, 0.4]), array([0.4, 0.1, 0.1, 0.4])]",0.5,0.58,0.0
329,2,2,"[array([0.35, 0.1 , 0.1 , 0.45]), array([0.45, 0.1 , 0.1 , 0.35])]",0.5,0.57,0.141
330,2,2,"[array([0.3, 0.1, 0.1, 0.5]), array([0.5, 0.1, 0.1, 0.3])]",0.5,0.87,0.283
331,2,2,"[array([0.25, 0.1 , 0.1 , 0.55]), array([0.55, 0.1 , 0.1 , 0.25])]",0.5,1.0,0.424
332,2,2,"[array([0.2, 0.1, 0.1, 0.6]), array([0.6, 0.1, 0.1, 0.2])]",0.5,1.0,0.566
333,2,2,"[array([0.15, 0.1 , 0.1 , 0.65]), array([0.65, 0.1 , 0.1 , 0.15])]",0.5,1.0,0.707
334,2,2,"[array([0.1, 0.1, 0.1, 0.7]), array([0.7, 0.1, 0.1, 0.1])]",0.5,1.0,0.849
335,2,2,"[array([0.05, 0.1 , 0.1 , 0.75]), array([0.75, 0.1 , 0.1 , 0.05])]",0.5,1.0,0.99
336,2,2,"[array([0.8, 0.1, 0.1, 0. ]), array([0. , 0.1, 0.1, 0.8])]",0.5,1.0,1.131
337,2,2,"[array([0.75, 0.1 , 0.1 , 0.05]), array([0.05, 0.1 , 0.1 , 0.75])]",0.5,1.0,0.99
338,2,2,"[array([0.7, 0.1, 0.1, 0.1]), array([0.1, 0.1, 0.1, 0.7])]",0.5,1.0,0.849
339,2,2,"[array([0.65, 0.1 , 0.1 , 0.15]), array([0.15, 0.1 , 0.1 , 0.65])]",0.5,1.0,0.707
340,2,2,"[array([0.6, 0.1, 0.1, 0.2]), array([0.2, 0.1, 0.1, 0.6])]",0.5,1.0,0.566
341,2,2,"[array([0.55, 0.1 , 0.1 , 0.25]), array([0.25, 0.1 , 0.1 , 0.55])]",0.5,0.99,0.424
342,2,2,"[array([0.5, 0.1, 0.1, 0.3]), array([0.3, 0.1, 0.1, 0.5])]",0.5,0.89,0.283
343,2,2,"[array([0.45, 0.1 , 0.1 , 0.35]), array([0.35, 0.1 , 0.1 , 0.45])]",0.5,0.59,0.141
344,2,2,"[array([0.4, 0.1, 0.1, 0.4]), array([0.4, 0.1, 0.1, 0.4])]",0.5,0.53,0.0
345,2,2,"[array([0.35, 0.1 , 0.1 , 0.45]), array([0.45, 0.1 , 0.1 , 0.35])]",0.5,0.51,0.141
346,2,2,"[array([0.3, 0.1, 0.1, 0.5]), array([0.5, 0.1, 0.1, 0.3])]",0.5,0.95,0.283
347,2,2,"[array([0.25, 0.1 , 0.1 , 0.55]), array([0.55, 0.1 , 0.1 , 0.25])]",0.5,1.0,0.424
348,2,2,"[array([0.2, 0.1, 0.1, 0.6]), array([0.6, 0.1, 0.1, 0.2])]",0.5,1.0,0.566
349,2,2,"[array([0.15, 0.1 , 0.1 , 0.65]), array([0.65, 0.1 , 0.1 , 0.15])]",0.5,1.0,0.707
350,2,2,"[array([0.1, 0.1, 0.1, 0.7]), array([0.7, 0.1, 0.1, 0.1])]",0.5,1.0,0.849
351,2,2,"[array([0.05, 0.1 , 0.1 , 0.75]), array([0.75, 0.1 , 0.1 , 0.05])]",0.5,1.0,0.99
352,2,2,"[array([0.8, 0.1, 0.1, 0. ]), array([0. , 0.1, 0.1, 0.8])]",0.5,1.0,1.131
353,2,2,"[array([0.75, 0.1 , 0.1 , 0.05]), array([0.05, 0.1 , 0.1 , 0.75])]",0.5,1.0,0.99
354,2,2,"[array([0.7, 0.1, 0.1, 0.1]), array([0.1, 0.1, 0.1, 0.7])]",0.5,1.0,0.849
355,2,2,"[array([0.65, 0.1 , 0.1 , 0.15]), array([0.15, 0.1 , 0.1 , 0.65])]",0.5,1.0,0.707
356,2,2,"[array([0.6, 0.1, 0.1, 0.2]), array([0.2, 0.1, 0.1, 0.6])]",0.5,1.0,0.566
357,2,2,"[array([0.55, 0.1 , 0.1 , 0.25]), array([0.25, 0.1 , 0.1 , 0.55])]",0.5,0.99,0.424
358,2,2,"[array([0.5, 0.1, 0.1, 0.3]), array([0.3, 0.1, 0.1, 0.5])]",0.5,0.69,0.283
359,2,2,"[array([0.45, 0.1 , 0.1 , 0.35]), array([0.35, 0.1 , 0.1 , 0.45])]",0.5,0.59,0.141
360,2,2,"[array([0.4, 0.1, 0.1, 0.4]), array([0.4, 0.1, 0.1, 0.4])]",0.5,0.6,0.0
361,2,2,"[array([0.35, 0.1 , 0.1 , 0.45]), array([0.45, 0.1 , 0.1 , 0.35])]",0.5,0.56,0.141
362,2,2,"[array([0.3, 0.1, 0.1, 0.5]), array([0.5, 0.1, 0.1, 0.3])]",0.5,0.98,0.283
363,2,2,"[array([0.25, 0.1 , 0.1 , 0.55]), array([0.55, 0.1 , 0.1 , 0.25])]",0.5,0.99,0.424
364,2,2,"[array([0.2, 0.1, 0.1, 0.6]), array([0.6, 0.1, 0.1, 0.2])]",0.5,1.0,0.566
365,2,2,"[array([0.15, 0.1 , 0.1 , 0.65]), array([0.65, 0.1 , 0.1 , 0.15])]",0.5,1.0,0.707
366,2,2,"[array([0.1, 0.1, 0.1, 0.7]), array([0.7, 0.1, 0.1, 0.1])]",0.5,1.0,0.849
367,2,2,"[array([0.05, 0.1 , 0.1 , 0.75]), array([0.75, 0.1 , 0.1 , 0.05])]",0.5,1.0,0.99
368,2,2,"[array([0.8, 0.1, 0.1, 0. ]), array([0. , 0.1, 0.1, 0.8])]",0.5,1.0,1.131
369,2,2,"[array([0.75, 0.1 , 0.1 , 0.05]), array([0.05, 0.1 , 0.1 , 0.75])]",0.5,1.0,0.99
370,2,2,"[array([0.7, 0.1, 0.1, 0.1]), array([0.1, 0.1, 0.1, 0.7])]",0.5,1.0,0.849
371,2,2,"[array([0.65, 0.1 , 0.1 , 0.15]), array([0.15, 0.1 , 0.1 , 0.65])]",0.5,1.0,0.707
372,2,2,"[array([0.6, 0.1, 0.1, 0.2]), array([0.2, 0.1, 0.1, 0.6])]",0.5,1.0,0.566
373,2,2,"[array([0.55, 0.1 , 0.1 , 0.25]), array([0.25, 0.1 , 0.1 , 0.55])]",0.5,0.99,0.424
374,2,2,"[array([0.5, 0.1, 0.1, 0.3]), array([0.3, 0.1, 0.1, 0.5])]",0.5,0.99,0.283
375,2,2,"[array([0.45, 0.1 , 0.1 , 0.35]), array([0.35, 0.1 , 0.1 , 0.45])]",0.5,0.66,0.141
376,2,2,"[array([0.4, 0.1, 0.1, 0.4]), array([0.4, 0.1, 0.1, 0.4])]",0.5,0.55,0.0
377,2,2,"[array([0.35, 0.1 , 0.1 , 0.45]), array([0.45, 0.1 , 0.1 , 0.35])]",0.5,0.52,0.141
378,2,2,"[array([0.3, 0.1, 0.1, 0.5]), array([0.5, 0.1, 0.1, 0.3])]",0.5,0.98,0.283
379,2,2,"[array([0.25, 0.1 , 0.1 , 0.55]), array([0.55, 0.1 , 0.1 , 0.25])]",0.5,1.0,0.424
380,2,2,"[array([0.2, 0.1, 0.1, 0.6]), array([0.6, 0.1, 0.1, 0.2])]",0.5,1.0,0.566
381,2,2,"[array([0.15, 0.1 , 0.1 , 0.65]), array([0.65, 0.1 , 0.1 , 0.15])]",0.5,1.0,0.707
382,2,2,"[array([0.1, 0.1, 0.1, 0.7]), array([0.7, 0.1, 0.1, 0.1])]",0.5,1.0,0.849
383,2,2,"[array([0.05, 0.1 , 0.1 , 0.75]), array([0.75, 0.1 , 0.1 , 0.05])]",0.5,1.0,0.99
384,2,2,"[array([0.8, 0.1, 0.1, 0. ]), array([0. , 0.1, 0.1, 0.8])]",0.5,1.0,1.131
385,2,2,"[array([0.75, 0.1 , 0.1 , 0.05]), array([0.05, 0.1 , 0.1 , 0.75])]",0.5,1.0,0.99
386,2,2,"[array([0.7, 0.1, 0.1, 0.1]), array([0.1, 0.1, 0.1, 0.7])]",0.5,1.0,0.849
387,2,2,"[array([0.65, 0.1 , 0.1 , 0.15]), array([0.15, 0.1 , 0.1 , 0.65])]",0.5,1.0,0.707
388,2,2,"[array([0.6, 0.1, 0.1, 0.2]), array([0.2, 0.1, 0.1, 0.6])]",0.5,1.0,0.566
389,2,2,"[array([0.55, 0.1 , 0.1 , 0.25]), array([0.25, 0.1 , 0.1 , 0.55])]",0.5,0.98,0.424
390,2,2,"[array([0.5, 0.1, 0.1, 0.3]), array([0.3, 0.1, 0.1, 0.5])]",0.5,0.61,0.283
391,2,2,"[array([0.45, 0.1 , 0.1 , 0.35]), array([0.35, 0.1 , 0.1 , 0.45])]",0.5,0.55,0.141
392,2,2,"[array([0.4, 0.1, 0.1, 0.4]), array([0.4, 0.1, 0.1, 0.4])]",0.5,0.56,0.0
393,2,2,"[array([0.35, 0.1 , 0.1 , 0.45]), array([0.45, 0.1 , 0.1 , 0.35])]",0.5,0.5,0.141
394,2,2,"[array([0.3, 0.1, 0.1, 0.5]), array([0.5, 0.1, 0.1, 0.3])]",0.5,0.9,0.283
395,2,2,"[array([0.25, 0.1 , 0.1 , 0.55]), array([0.55, 0.1 , 0.1 , 0.25])]",0.5,0.93,0.424
396,2,2,"[array([0.2, 0.1, 0.1, 0.6]), array([0.6, 0.1, 0.1, 0.2])]",0.5,1.0,0.566
397,2,2,"[array([0.15, 0.1 , 0.1 , 0.65]), array([0.65, 0.1 , 0.1 , 0.15])]",0.5,1.0,0.707
398,2,2,"[array([0.1, 0.1, 0.1, 0.7]), array([0.7, 0.1, 0.1, 0.1])]",0.5,1.0,0.849
399,2,2,"[array([0.05, 0.1 , 0.1 , 0.75]), array([0.75, 0.1 , 0.1 , 0.05])]",0.5,1.0,0.99
400,2,2,"[array([0.8, 0.1, 0.1, 0. ]), array([0. , 0.1, 0.1, 0.8])]",0.5,1.0,1.131
401,2,2,"[array([0.75, 0.1 , 0.1 , 0.05]), array([0.05, 0.1 , 0.1 , 0.75])]",0.5,1.0,0.99
402,2,2,"[array([0.7, 0.1, 0.1, 0.1]), array([0.1, 0.1, 0.1, 0.7])]",0.5,1.0,0.849
403,2,2,"[array([0.65, 0.1 , 0.1 , 0.15]), array([0.15, 0.1 , 0.1 , 0.65])]",0.5,1.0,0.707
404,2,2,"[array([0.6, 0.1, 0.1, 0.2]), array([0.2, 0.1, 0.1, 0.6])]",0.5,1.0,0.566
405,2,2,"[array([0.55, 0.1 , 0.1 , 0.25]), array([0.25, 0.1 , 0.1 , 0.55])]",0.5,1.0,0.424
406,2,2,"[array([0.5, 0.1, 0.1, 0.3]), array([0.3, 0.1, 0.1, 0.5])]",0.5,0.84,0.283
407,2,2,"[array([0.45, 0.1 , 0.1 , 0.35]), array([0.35, 0.1 , 0.1 , 0.45])]",0.5,0.7,0.141
408,2,2,"[array([0.4, 0.1, 0.1, 0.4]), array([0.4, 0.1, 0.1, 0.4])]",0.5,0.57,0.0
409,2,2,"[array([0.35, 0.1 , 0.1 , 0.45]), array([0.45, 0.1 , 0.1 , 0.35])]",0.5,0.57,0.141
410,2,2,"[array([0.3, 0.1, 0.1, 0.5]), array([0.5, 0.1, 0.1, 0.3])]",0.5,0.67,0.283
411,2,2,"[array([0.25, 0.1 , 0.1 , 0.55]), array([0.55, 0.1 , 0.1 , 0.25])]",0.5,1.0,0.424
412,2,2,"[array([0.2, 0.1, 0.1, 0.6]), array([0.6, 0.1, 0.1, 0.2])]",0.5,0.99,0.566
413,2,2,"[array([0.15, 0.1 , 0.1 , 0.65]), array([0.65, 0.1 , 0.1 , 0.15])]",0.5,1.0,0.707
414,2,2,"[array([0.1, 0.1, 0.1, 0.7]), array([0.7, 0.1, 0.1, 0.1])]",0.5,1.0,0.849
415,2,2,"[array([0.05, 0.1 , 0.1 , 0.75]), array([0.75, 0.1 , 0.1 , 0.05])]",0.5,1.0,0.99
416,2,2,"[array([0.8, 0.1, 0.1, 0. ]), array([0. , 0.1, 0.1, 0.8])]",0.5,1.0,1.131
417,2,2,"[array([0.75, 0.1 , 0.1 , 0.05]), array([0.05, 0.1 , 0.1 , 0.75])]",0.5,1.0,0.99
418,2,2,"[array([0.7, 0.1, 0.1, 0.1]), array([0.1, 0.1, 0.1, 0.7])]",0.5,1.0,0.849
419,2,2,"[array([0.65, 0.1 , 0.1 , 0.15]), array([0.15, 0.1 , 0.1 , 0.65])]",0.5,1.0,0.707
420,2,2,"[array([0.6, 0.1, 0.1, 0.2]), array([0.2, 0.1, 0.1, 0.6])]",0.5,1.0,0.566
421,2,2,"[array([0.55, 0.1 , 0.1 , 0.25]), array([0.25, 0.1 , 0.1 , 0.55])]",0.5,0.99,0.424
422,2,2,"[array([0.5, 0.1, 0.1, 0.3]), array([0.3, 0.1, 0.1, 0.5])]",0.5,0.95,0.283
423,2,2,"[array([0.45, 0.1 , 0.1 , 0.35]), array([0.35, 0.1 , 0.1 , 0.45])]",0.5,0.53,0.141
424,2,2,"[array([0.4, 0.1, 0.1, 0.4]), array([0.4, 0.1, 0.1, 0.4])]",0.5,0.56,0.0
425,2,2,"[array([0.35, 0.1 , 0.1 , 0.45]), array([0.45, 0.1 , 0.1 , 0.35])]",0.5,0.54,0.141
426,2,2,"[array([0.3, 0.1, 0.1, 0.5]), array([0.5, 0.1, 0.1, 0.3])]",0.5,0.88,0.283
427,2,2,"[array([0.25, 0.1 , 0.1 , 0.55]), array([0.55, 0.1 , 0.1 , 0.25])]",0.5,0.99,0.424
428,2,2,"[array([0.2, 0.1, 0.1, 0.6]), array([0.6, 0.1, 0.1, 0.2])]",0.5,1.0,0.566
429,2,2,"[array([0.15, 0.1 , 0.1 , 0.65]), array([0.65, 0.1 , 0.1 , 0.15])]",0.5,1.0,0.707
430,2,2,"[array([0.1, 0.1, 0.1, 0.7]), array([0.7, 0.1, 0.1, 0.1])]",0.5,1.0,0.849
431,2,2,"[array([0.05, 0.1 , 0.1 , 0.75]), array([0.75, 0.1 , 0.1 , 0.05])]",0.5,1.0,0.99
432,2,2,"[array([0.8, 0.1, 0.1, 0. ]), array([0. , 0.1, 0.1, 0.8])]",0.5,1.0,1.131
433,2,2,"[array([0.75, 0.1 , 0.1 , 0.05]), array([0.05, 0.1 , 0.1 , 0.75])]",0.5,1.0,0.99
434,2,2,"[array([0.7, 0.1, 0.1, 0.1]), array([0.1, 0.1, 0.1, 0.7])]",0.5,1.0,0.849
435,2,2,"[array([0.65, 0.1 , 0.1 , 0.15]), array([0.15, 0.1 , 0.1 , 0.65])]",0.5,1.0,0.707
436,2,2,"[array([0.6, 0.1, 0.1, 0.2]), array([0.2, 0.1, 0.1, 0.6])]",0.5,1.0,0.566
437,2,2,"[array([0.55, 0.1 , 0.1 , 0.25]), array([0.25, 0.1 , 0.1 , 0.55])]",0.5,1.0,0.424
438,2,2,"[array([0.5, 0.1, 0.1, 0.3]), array([0.3, 0.1, 0.1, 0.5])]",0.5,0.99,0.283
439,2,2,"[array([0.45, 0.1 , 0.1 , 0.35]), array([0.35, 0.1 , 0.1 , 0.45])]",0.5,0.54,0.141
440,2,2,"[array([0.4, 0.1, 0.1, 0.4]), array([0.4, 0.1, 0.1, 0.4])]",0.5,0.54,0.0
441,2,2,"[array([0.35, 0.1 , 0.1 , 0.45]), array([0.45, 0.1 , 0.1 , 0.35])]",0.5,0.54,0.141
442,2,2,"[array([0.3, 0.1, 0.1, 0.5]), array([0.5, 0.1, 0.1, 0.3])]",0.5,1.0,0.283
443,2,2,"[array([0.25, 0.1 , 0.1 , 0.55]), array([0.55, 0.1 , 0.1 , 0.25])]",0.5,1.0,0.424
444,2,2,"[array([0.2, 0.1, 0.1, 0.6]), array([0.6, 0.1, 0.1, 0.2])]",0.5,1.0,0.566
445,2,2,"[array([0.15, 0.1 , 0.1 , 0.65]), array([0.65, 0.1 , 0.1 , 0.15])]",0.5,1.0,0.707
446,2,2,"[array([0.1, 0.1, 0.1, 0.7]), array([0.7, 0.1, 0.1, 0.1])]",0.5,1.0,0.849
447,2,2,"[array([0.05, 0.1 , 0.1 , 0.75]), array([0.75, 0.1 , 0.1 , 0.05])]",0.5,1.0,0.99
448,2,2,"[array([0.8, 0.1, 0.1, 0. ]), array([0. , 0.1, 0.1, 0.8])]",0.5,1.0,1.131
449,2,2,"[array([0.75, 0.1 , 0.1 , 0.05]), array([0.05, 0.1 , 0.1 , 0.75])]",0.5,1.0,0.99
450,2,2,"[array([0.7, 0.1, 0.1, 0.1]), array([0.1, 0.1, 0.1, 0.7])]",0.5,1.0,0.849
451,2,2,"[array([0.65, 0.1 , 0.1 , 0.15]), array([0.15, 0.1 , 0.1 , 0.65])]",0.5,1.0,0.707
452,2,2,"[array([0.6, 0.1, 0.1, 0.2]), array([0.2, 0.1, 0.1, 0.6])]",0.5,0.98,0.566
453,2,2,"[array([0.55, 0.1 , 0.1 , 0.25]), array([0.25, 0.1 , 0.1 , 0.55])]",0.5,1.0,0.424
454,2,2,"[array([0.5, 0.1, 0.1, 0.3]), array([0.3, 0.1, 0.1, 0.5])]",0.5,0.99,0.283
455,2,2,"[array([0.45, 0.1 , 0.1 , 0.35]), array([0.35, 0.1 , 0.1 , 0.45])]",0.5,0.66,0.141
456,2,2,"[array([0.4, 0.1, 0.1, 0.4]), array([0.4, 0.1, 0.1, 0.4])]",0.5,0.56,0.0
457,2,2,"[array([0.35, 0.1 , 0.1 , 0.45]), array([0.45, 0.1 , 0.1 , 0.35])]",0.5,0.51,0.141
458,2,2,"[array([0.3, 0.1, 0.1, 0.5]), array([0.5, 0.1, 0.1, 0.3])]",0.5,0.99,0.283
459,2,2,"[array([0.25, 0.1 , 0.1 , 0.55]), array([0.55, 0.1 , 0.1 , 0.25])]",0.5,1.0,0.424
460,2,2,"[array([0.2, 0.1, 0.1, 0.6]), array([0.6, 0.1, 0.1, 0.2])]",0.5,0.99,0.566
461,2,2,"[array([0.15, 0.1 , 0.1 , 0.65]), array([0.65, 0.1 , 0.1 , 0.15])]",0.5,1.0,0.707
462,2,2,"[array([0.1, 0.1, 0.1, 0.7]), array([0.7, 0.1, 0.1, 0.1])]",0.5,1.0,0.849
463,2,2,"[array([0.05, 0.1 , 0.1 , 0.75]), array([0.75, 0.1 , 0.1 , 0.05])]",0.5,1.0,0.99
464,2,2,"[array([0.8, 0.1, 0.1, 0. ]), array([0. , 0.1, 0.1, 0.8])]",0.5,1.0,1.131
465,2,2,"[array([0.75, 0.1 , 0.1 , 0.05]), array([0.05, 0.1 , 0.1 , 0.75])]",0.5,1.0,0.99
466,2,2,"[array([0.7, 0.1, 0.1, 0.1]), array([0.1, 0.1, 0.1, 0.7])]",0.5,1.0,0.849
467,2,2,"[array([0.65, 0.1 , 0.1 , 0.15]), array([0.15, 0.1 , 0.1 , 0.65])]",0.5,1.0,0.707
468,2,2,"[array([0.6, 0.1, 0.1, 0.2]), array([0.2, 0.1, 0.1, 0.6])]",0.5,0.97,0.566
469,2,2,"[array([0.55, 0.1 , 0.1 , 0.25]), array([0.25, 0.1 , 0.1 , 0.55])]",0.5,0.99,0.424
470,2,2,"[array([0.5, 0.1, 0.1, 0.3]), array([0.3, 0.1, 0.1, 0.5])]",0.5,0.99,0.283
471,2,2,"[array([0.45, 0.1 , 0.1 , 0.35]), array([0.35, 0.1 , 0.1 , 0.45])]",0.5,0.66,0.141
472,2,2,"[array([0.4, 0.1, 0.1, 0.4]), array([0.4, 0.1, 0.1, 0.4])]",0.5,0.53,0.0
473,2,2,"[array([0.35, 0.1 , 0.1 , 0.45]), array([0.45, 0.1 , 0.1 , 0.35])]",0.5,0.61,0.141
474,2,2,"[array([0.3, 0.1, 0.1, 0.5]), array([0.5, 0.1, 0.1, 0.3])]",0.5,0.57,0.283
475,2,2,"[array([0.25, 0.1 , 0.1 , 0.55]), array([0.55, 0.1 , 0.1 , 0.25])]",0.5,0.98,0.424
476,2,2,"[array([0.2, 0.1, 0.1, 0.6]), array([0.6, 0.1, 0.1, 0.2])]",0.5,0.99,0.566
477,2,2,"[array([0.15, 0.1 , 0.1 , 0.65]), array([0.65, 0.1 , 0.1 , 0.15])]",0.5,1.0,0.707
478,2,2,"[array([0.1, 0.1, 0.1, 0.7]), array([0.7, 0.1, 0.1, 0.1])]",0.5,1.0,0.849
479,2,2,"[array([0.05, 0.1 , 0.1 , 0.75]), array([0.75, 0.1 , 0.1 , 0.05])]",0.5,1.0,0.99
480,2,2,"[array([0.8, 0.1, 0.1, 0. ]), array([0. , 0.1, 0.1, 0.8])]",0.01,1.0,1.131
481,2,2,"[array([0.75, 0.1 , 0.1 , 0.05]), array([0.05, 0.1 , 0.1 , 0.75])]",0.01,1.0,0.99
482,2,2,"[array([0.7, 0.1, 0.1, 0.1]), array([0.1, 0.1, 0.1, 0.7])]",0.01,1.0,0.849
483,2,2,"[array([0.65, 0.1 , 0.1 , 0.15]), array([0.15, 0.1 , 0.1 , 0.65])]",0.01,1.0,0.707
484,2,2,"[array([0.6, 0.1, 0.1, 0.2]), array([0.2, 0.1, 0.1, 0.6])]",0.01,1.0,0.566
485,2,2,"[array([0.55, 0.1 , 0.1 , 0.25]), array([0.25, 0.1 , 0.1 , 0.55])]",0.01,1.0,0.424
486,2,2,"[array([0.5, 0.1, 0.1, 0.3]), array([0.3, 0.1, 0.1, 0.5])]",0.01,0.92,0.283
487,2,2,"[array([0.45, 0.1 , 0.1 , 0.35]), array([0.35, 0.1 , 0.1 , 0.45])]",0.01,0.56,0.141
488,2,2,"[array([0.4, 0.1, 0.1, 0.4]), array([0.4, 0.1, 0.1, 0.4])]",0.01,0.56,0.0
489,2,2,"[array([0.35, 0.1 , 0.1 , 0.45]), array([0.45, 0.1 , 0.1 , 0.35])]",0.01,0.55,0.141
490,2,2,"[array([0.3, 0.1, 0.1, 0.5]), array([0.5, 0.1, 0.1, 0.3])]",0.01,0.92,0.283
491,2,2,"[array([0.25, 0.1 , 0.1 , 0.55]), array([0.55, 0.1 , 0.1 , 0.25])]",0.01,1.0,0.424
492,2,2,"[array([0.2, 0.1, 0.1, 0.6]), array([0.6, 0.1, 0.1, 0.2])]",0.01,0.99,0.566
493,2,2,"[array([0.15, 0.1 , 0.1 , 0.65]), array([0.65, 0.1 , 0.1 , 0.15])]",0.01,1.0,0.707
494,2,2,"[array([0.1, 0.1, 0.1, 0.7]), array([0.7, 0.1, 0.1, 0.1])]",0.01,1.0,0.849
495,2,2,"[array([0.05, 0.1 , 0.1 , 0.75]), array([0.75, 0.1 , 0.1 , 0.05])]",0.01,1.0,0.99
496,2,2,"[array([0.8, 0.1, 0.1, 0. ]), array([0. , 0.1, 0.1, 0.8])]",0.01,1.0,1.131
497,2,2,"[array([0.75, 0.1 , 0.1 , 0.05]), array([0.05, 0.1 , 0.1 , 0.75])]",0.01,1.0,0.99
498,2,2,"[array([0.7, 0.1, 0.1, 0.1]), array([0.1, 0.1, 0.1, 0.7])]",0.01,1.0,0.849
499,2,2,"[array([0.65, 0.1 , 0.1 , 0.15]), array([0.15, 0.1 , 0.1 , 0.65])]",0.01,1.0,0.707
500,2,2,"[array([0.6, 0.1, 0.1, 0.2]), array([0.2, 0.1, 0.1, 0.6])]",0.01,1.0,0.566
501,2,2,"[array([0.55, 0.1 , 0.1 , 0.25]), array([0.25, 0.1 , 0.1 , 0.55])]",0.01,0.98,0.424
502,2,2,"[array([0.5, 0.1, 0.1, 0.3]), array([0.3, 0.1, 0.1, 0.5])]",0.01,0.68,0.283
503,2,2,"[array([0.45, 0.1 , 0.1 , 0.35]), array([0.35, 0.1 , 0.1 , 0.45])]",0.01,0.61,0.141
504,2,2,"[array([0.4, 0.1, 0.1, 0.4]), array([0.4, 0.1, 0.1, 0.4])]",0.01,0.54,0.0
505,2,2,"[array([0.35, 0.1 , 0.1 , 0.45]), array([0.45, 0.1 , 0.1 , 0.35])]",0.01,0.58,0.141
506,2,2,"[array([0.3, 0.1, 0.1, 0.5]), array([0.5, 0.1, 0.1, 0.3])]",0.01,1.0,0.283
507,2,2,"[array([0.25, 0.1 , 0.1 , 0.55]), array([0.55, 0.1 , 0.1 , 0.25])]",0.01,0.97,0.424
508,2,2,"[array([0.2, 0.1, 0.1, 0.6]), array([0.6, 0.1, 0.1, 0.2])]",0.01,1.0,0.566
509,2,2,"[array([0.15, 0.1 , 0.1 , 0.65]), array([0.65, 0.1 , 0.1 , 0.15])]",0.01,1.0,0.707
510,2,2,"[array([0.1, 0.1, 0.1, 0.7]), array([0.7, 0.1, 0.1, 0.1])]",0.01,1.0,0.849
511,2,2,"[array([0.05, 0.1 , 0.1 , 0.75]), array([0.75, 0.1 , 0.1 , 0.05])]",0.01,1.0,0.99
512,2,2,"[array([0.8, 0.1, 0.1, 0. ]), array([0. , 0.1, 0.1, 0.8])]",0.01,1.0,1.131
513,2,2,"[array([0.75, 0.1 , 0.1 , 0.05]), array([0.05, 0.1 , 0.1 , 0.75])]",0.01,1.0,0.99
514,2,2,"[array([0.7, 0.1, 0.1, 0.1]), array([0.1, 0.1, 0.1, 0.7])]",0.01,1.0,0.849
515,2,2,"[array([0.65, 0.1 , 0.1 , 0.15]), array([0.15, 0.1 , 0.1 , 0.65])]",0.01,1.0,0.707
516,2,2,"[array([0.6, 0.1, 0.1, 0.2]), array([0.2, 0.1, 0.1, 0.6])]",0.01,1.0,0.566
517,2,2,"[array([0.55, 0.1 , 0.1 , 0.25]), array([0.25, 0.1 , 0.1 , 0.55])]",0.01,1.0,0.424
518,2,2,"[array([0.5, 0.1, 0.1, 0.3]), array([0.3, 0.1, 0.1, 0.5])]",0.01,0.78,0.283
519,2,2,"[array([0.45, 0.1 , 0.1 , 0.35]), array([0.35, 0.1 , 0.1 , 0.45])]",0.01,0.57,0.141
520,2,2,"[array([0.4, 0.1, 0.1, 0.4]), array([0.4, 0.1, 0.1, 0.4])]",0.01,0.54,0.0
521,2,2,"[array([0.35, 0.1 , 0.1 , 0.45]), array([0.45, 0.1 , 0.1 , 0.35])]",0.01,0.68,0.141
522,2,2,"[array([0.3, 0.1, 0.1, 0.5]), array([0.5, 0.1, 0.1, 0.3])]",0.01,0.83,0.283
523,2,2,"[array([0.25, 0.1 , 0.1 , 0.55]), array([0.55, 0.1 , 0.1 , 0.25])]",0.01,1.0,0.424
524,2,2,"[array([0.2, 0.1, 0.1, 0.6]), array([0.6, 0.1, 0.1, 0.2])]",0.01,1.0,0.566
525,2,2,"[array([0.15, 0.1 , 0.1 , 0.65]), array([0.65, 0.1 , 0.1 , 0.15])]",0.01,1.0,0.707
526,2,2,"[array([0.1, 0.1, 0.1, 0.7]), array([0.7, 0.1, 0.1, 0.1])]",0.01,1.0,0.849
527,2,2,"[array([0.05, 0.1 , 0.1 , 0.75]), array([0.75, 0.1 , 0.1 , 0.05])]",0.01,1.0,0.99
528,2,2,"[array([0.8, 0.1, 0.1, 0. ]), array([0. , 0.1, 0.1, 0.8])]",0.01,1.0,1.131
529,2,2,"[array([0.75, 0.1 , 0.1 , 0.05]), array([0.05, 0.1 , 0.1 , 0.75])]",0.01,1.0,0.99
530,2,2,"[array([0.7, 0.1, 0.1, 0.1]), array([0.1, 0.1, 0.1, 0.7])]",0.01,1.0,0.849
531,2,2,"[array([0.65, 0.1 , 0.1 , 0.15]), array([0.15, 0.1 , 0.1 , 0.65])]",0.01,1.0,0.707
532,2,2,"[array([0.6, 0.1, 0.1, 0.2]), array([0.2, 0.1, 0.1, 0.6])]",0.01,0.99,0.566
533,2,2,"[array([0.55, 0.1 , 0.1 , 0.25]), array([0.25, 0.1 , 0.1 , 0.55])]",0.01,1.0,0.424
534,2,2,"[array([0.5, 0.1, 0.1, 0.3]), array([0.3, 0.1, 0.1, 0.5])]",0.01,0.84,0.283
535,2,2,"[array([0.45, 0.1 , 0.1 , 0.35]), array([0.35, 0.1 , 0.1 , 0.45])]",0.01,0.6,0.141
536,2,2,"[array([0.4, 0.1, 0.1, 0.4]), array([0.4, 0.1, 0.1, 0.4])]",0.01,0.54,0.0
537,2,2,"[array([0.35, 0.1 , 0.1 , 0.45]), array([0.45, 0.1 , 0.1 , 0.35])]",0.01,0.6,0.141
538,2,2,"[array([0.3, 0.1, 0.1, 0.5]), array([0.5, 0.1, 0.1, 0.3])]",0.01,0.91,0.283
539,2,2,"[array([0.25, 0.1 , 0.1 , 0.55]), array([0.55, 0.1 , 0.1 , 0.25])]",0.01,0.99,0.424
540,2,2,"[array([0.2, 0.1, 0.1, 0.6]), array([0.6, 0.1, 0.1, 0.2])]",0.01,1.0,0.566
541,2,2,"[array([0.15, 0.1 , 0.1 , 0.65]), array([0.65, 0.1 , 0.1 , 0.15])]",0.01,1.0,0.707
542,2,2,"[array([0.1, 0.1, 0.1, 0.7]), array([0.7, 0.1, 0.1, 0.1])]",0.01,1.0,0.849
543,2,2,"[array([0.05, 0.1 , 0.1 , 0.75]), array([0.75, 0.1 , 0.1 , 0.05])]",0.01,1.0,0.99
544,2,2,"[array([0.8, 0.1, 0.1, 0. ]), array([0. , 0.1, 0.1, 0.8])]",0.01,1.0,1.131
545,2,2,"[array([0.75, 0.1 , 0.1 , 0.05]), array([0.05, 0.1 , 0.1 , 0.75])]",0.01,1.0,0.99
546,2,2,"[array([0.7, 0.1, 0.1, 0.1]), array([0.1, 0.1, 0.1, 0.7])]",0.01,1.0,0.849
547,2,2,"[array([0.65, 0.1 , 0.1 , 0.15]), array([0.15, 0.1 , 0.1 , 0.65])]",0.01,1.0,0.707
548,2,2,"[array([0.6, 0.1, 0.1, 0.2]), array([0.2, 0.1, 0.1, 0.6])]",0.01,1.0,0.566
549,2,2,"[array([0.55, 0.1 , 0.1 , 0.25]), array([0.25, 0.1 , 0.1 , 0.55])]",0.01,1.0,0.424
550,2,2,"[array([0.5, 0.1, 0.1, 0.3]), array([0.3, 0.1, 0.1, 0.5])]",0.01,0.87,0.283
551,2,2,"[array([0.45, 0.1 , 0.1 , 0.35]), array([0.35, 0.1 , 0.1 , 0.45])]",0.01,0.57,0.141
552,2,2,"[array([0.4, 0.1, 0.1, 0.4]), array([0.4, 0.1, 0.1, 0.4])]",0.01,0.56,0.0
553,2,2,"[array([0.35, 0.1 , 0.1 , 0.45]), array([0.45, 0.1 , 0.1 , 0.35])]",0.01,0.56,0.141
554,2,2,"[array([0.3, 0.1, 0.1, 0.5]), array([0.5, 0.1, 0.1, 0.3])]",0.01,0.97,0.283
555,2,2,"[array([0.25, 0.1 , 0.1 , 0.55]), array([0.55, 0.1 , 0.1 , 0.25])]",0.01,1.0,0.424
556,2,2,"[array([0.2, 0.1, 0.1, 0.6]), array([0.6, 0.1, 0.1, 0.2])]",0.01,1.0,0.566
557,2,2,"[array([0.15, 0.1 , 0.1 , 0.65]), array([0.65, 0.1 , 0.1 , 0.15])]",0.01,1.0,0.707
558,2,2,"[array([0.1, 0.1, 0.1, 0.7]), array([0.7, 0.1, 0.1, 0.1])]",0.01,1.0,0.849
559,2,2,"[array([0.05, 0.1 , 0.1 , 0.75]), array([0.75, 0.1 , 0.1 , 0.05])]",0.01,1.0,0.99
560,2,2,"[array([0.8, 0.1, 0.1, 0. ]), array([0. , 0.1, 0.1, 0.8])]",0.01,1.0,1.131
561,2,2,"[array([0.75, 0.1 , 0.1 , 0.05]), array([0.05, 0.1 , 0.1 , 0.75])]",0.01,1.0,0.99
562,2,2,"[array([0.7, 0.1, 0.1, 0.1]), array([0.1, 0.1, 0.1, 0.7])]",0.01,1.0,0.849
563,2,2,"[array([0.65, 0.1 , 0.1 , 0.15]), array([0.15, 0.1 , 0.1 , 0.65])]",0.01,1.0,0.707
564,2,2,"[array([0.6, 0.1, 0.1, 0.2]), array([0.2, 0.1, 0.1, 0.6])]",0.01,1.0,0.566
565,2,2,"[array([0.55, 0.1 , 0.1 , 0.25]), array([0.25, 0.1 , 0.1 , 0.55])]",0.01,1.0,0.424
566,2,2,"[array([0.5, 0.1, 0.1, 0.3]), array([0.3, 0.1, 0.1, 0.5])]",0.01,0.88,0.283
567,2,2,"[array([0.45, 0.1 , 0.1 , 0.35]), array([0.35, 0.1 , 0.1 , 0.45])]",0.01,0.6,0.141
568,2,2,"[array([0.4, 0.1, 0.1, 0.4]), array([0.4, 0.1, 0.1, 0.4])]",0.01,0.5,0.0
569,2,2,"[array([0.35, 0.1 , 0.1 , 0.45]), array([0.45, 0.1 , 0.1 , 0.35])]",0.01,0.55,0.141
570,2,2,"[array([0.3, 0.1, 0.1, 0.5]), array([0.5, 0.1, 0.1, 0.3])]",0.01,0.89,0.283
571,2,2,"[array([0.25, 0.1 , 0.1 , 0.55]), array([0.55, 0.1 , 0.1 , 0.25])]",0.01,1.0,0.424
572,2,2,"[array([0.2, 0.1, 0.1, 0.6]), array([0.6, 0.1, 0.1, 0.2])]",0.01,0.97,0.566
573,2,2,"[array([0.15, 0.1 , 0.1 , 0.65]), array([0.65, 0.1 , 0.1 , 0.15])]",0.01,1.0,0.707
574,2,2,"[array([0.1, 0.1, 0.1, 0.7]), array([0.7, 0.1, 0.1, 0.1])]",0.01,1.0,0.849
575,2,2,"[array([0.05, 0.1 , 0.1 , 0.75]), array([0.75, 0.1 , 0.1 , 0.05])]",0.01,1.0,0.99
576,2,2,"[array([0.8, 0.1, 0.1, 0. ]), array([0. , 0.1, 0.1, 0.8])]",0.01,1.0,1.131
577,2,2,"[array([0.75, 0.1 , 0.1 , 0.05]), array([0.05, 0.1 , 0.1 , 0.75])]",0.01,1.0,0.99
578,2,2,"[array([0.7, 0.1, 0.1, 0.1]), array([0.1, 0.1, 0.1, 0.7])]",0.01,1.0,0.849
579,2,2,"[array([0.65, 0.1 , 0.1 , 0.15]), array([0.15, 0.1 , 0.1 , 0.65])]",0.01,1.0,0.707
580,2,2,"[array([0.6, 0.1, 0.1, 0.2]), array([0.2, 0.1, 0.1, 0.6])]",0.01,1.0,0.566
581,2,2,"[array([0.55, 0.1 , 0.1 , 0.25]), array([0.25, 0.1 , 0.1 , 0.55])]",0.01,1.0,0.424
582,2,2,"[array([0.5, 0.1, 0.1, 0.3]), array([0.3, 0.1, 0.1, 0.5])]",0.01,0.99,0.283
583,2,2,"[array([0.45, 0.1 , 0.1 , 0.35]), array([0.35, 0.1 , 0.1 , 0.45])]",0.01,0.58,0.141
584,2,2,"[array([0.4, 0.1, 0.1, 0.4]), array([0.4, 0.1, 0.1, 0.4])]",0.01,0.54,0.0
585,2,2,"[array([0.35, 0.1 , 0.1 , 0.45]), array([0.45, 0.1 , 0.1 , 0.35])]",0.01,0.75,0.141
586,2,2,"[array([0.3, 0.1, 0.1, 0.5]), array([0.5, 0.1, 0.1, 0.3])]",0.01,0.99,0.283
587,2,2,"[array([0.25, 0.1 , 0.1 , 0.55]), array([0.55, 0.1 , 0.1 , 0.25])]",0.01,1.0,0.424
588,2,2,"[array([0.2, 0.1, 0.1, 0.6]), array([0.6, 0.1, 0.1, 0.2])]",0.01,1.0,0.566
589,2,2,"[array([0.15, 0.1 , 0.1 , 0.65]), array([0.65, 0.1 , 0.1 , 0.15])]",0.01,1.0,0.707
590,2,2,"[array([0.1, 0.1, 0.1, 0.7]), array([0.7, 0.1, 0.1, 0.1])]",0.01,1.0,0.849
591,2,2,"[array([0.05, 0.1 , 0.1 , 0.75]), array([0.75, 0.1 , 0.1 , 0.05])]",0.01,1.0,0.99
592,2,2,"[array([0.8, 0.1, 0.1, 0. ]), array([0. , 0.1, 0.1, 0.8])]",0.01,1.0,1.131
593,2,2,"[array([0.75, 0.1 , 0.1 , 0.05]), array([0.05, 0.1 , 0.1 , 0.75])]",0.01,1.0,0.99
594,2,2,"[array([0.7, 0.1, 0.1, 0.1]), array([0.1, 0.1, 0.1, 0.7])]",0.01,1.0,0.849
595,2,2,"[array([0.65, 0.1 , 0.1 , 0.15]), array([0.15, 0.1 , 0.1 , 0.65])]",0.01,1.0,0.707
596,2,2,"[array([0.6, 0.1, 0.1, 0.2]), array([0.2, 0.1, 0.1, 0.6])]",0.01,1.0,0.566
597,2,2,"[array([0.55, 0.1 , 0.1 , 0.25]), array([0.25, 0.1 , 0.1 , 0.55])]",0.01,0.99,0.424
598,2,2,"[array([0.5, 0.1, 0.1, 0.3]), array([0.3, 0.1, 0.1, 0.5])]",0.01,0.94,0.283
599,2,2,"[array([0.45, 0.1 , 0.1 , 0.35]), array([0.35, 0.1 , 0.1 , 0.45])]",0.01,0.52,0.141
600,2,2,"[array([0.4, 0.1, 0.1, 0.4]), array([0.4, 0.1, 0.1, 0.4])]",0.01,0.53,0.0
601,2,2,"[array([0.35, 0.1 , 0.1 , 0.45]), array([0.45, 0.1 , 0.1 , 0.35])]",0.01,0.67,0.141
602,2,2,"[array([0.3, 0.1, 0.1, 0.5]), array([0.5, 0.1, 0.1, 0.3])]",0.01,0.88,0.283
603,2,2,"[array([0.25, 0.1 , 0.1 , 0.55]), array([0.55, 0.1 , 0.1 , 0.25])]",0.01,0.93,0.424
604,2,2,"[array([0.2, 0.1, 0.1, 0.6]), array([0.6, 0.1, 0.1, 0.2])]",0.01,1.0,0.566
605,2,2,"[array([0.15, 0.1 , 0.1 , 0.65]), array([0.65, 0.1 , 0.1 , 0.15])]",0.01,1.0,0.707
606,2,2,"[array([0.1, 0.1, 0.1, 0.7]), array([0.7, 0.1, 0.1, 0.1])]",0.01,1.0,0.849
607,2,2,"[array([0.05, 0.1 , 0.1 , 0.75]), array([0.75, 0.1 , 0.1 , 0.05])]",0.01,1.0,0.99
608,2,2,"[array([0.8, 0.1, 0.1, 0. ]), array([0. , 0.1, 0.1, 0.8])]",0.01,1.0,1.131
609,2,2,"[array([0.75, 0.1 , 0.1 , 0.05]), array([0.05, 0.1 , 0.1 , 0.75])]",0.01,1.0,0.99
610,2,2,"[array([0.7, 0.1, 0.1, 0.1]), array([0.1, 0.1, 0.1, 0.7])]",0.01,1.0,0.849
611,2,2,"[array([0.65, 0.1 , 0.1 , 0.15]), array([0.15, 0.1 , 0.1 , 0.65])]",0.01,1.0,0.707
612,2,2,"[array([0.6, 0.1, 0.1, 0.2]), array([0.2, 0.1, 0.1, 0.6])]",0.01,1.0,0.566
613,2,2,"[array([0.55, 0.1 , 0.1 , 0.25]), array([0.25, 0.1 , 0.1 , 0.55])]",0.01,0.98,0.424
614,2,2,"[array([0.5, 0.1, 0.1, 0.3]), array([0.3, 0.1, 0.1, 0.5])]",0.01,0.99,0.283
615,2,2,"[array([0.45, 0.1 , 0.1 , 0.35]), array([0.35, 0.1 , 0.1 , 0.45])]",0.01,0.67,0.141
616,2,2,"[array([0.4, 0.1, 0.1, 0.4]), array([0.4, 0.1, 0.1, 0.4])]",0.01,0.53,0.0
617,2,2,"[array([0.35, 0.1 , 0.1 , 0.45]), array([0.45, 0.1 , 0.1 , 0.35])]",0.01,0.63,0.141
618,2,2,"[array([0.3, 0.1, 0.1, 0.5]), array([0.5, 0.1, 0.1, 0.3])]",0.01,0.93,0.283
619,2,2,"[array([0.25, 0.1 , 0.1 , 0.55]), array([0.55, 0.1 , 0.1 , 0.25])]",0.01,1.0,0.424
620,2,2,"[array([0.2, 0.1, 0.1, 0.6]), array([0.6, 0.1, 0.1, 0.2])]",0.01,1.0,0.566
621,2,2,"[array([0.15, 0.1 , 0.1 , 0.65]), array([0.65, 0.1 , 0.1 , 0.15])]",0.01,1.0,0.707
622,2,2,"[array([0.1, 0.1, 0.1, 0.7]), array([0.7, 0.1, 0.1, 0.1])]",0.01,1.0,0.849
623,2,2,"[array([0.05, 0.1 , 0.1 , 0.75]), array([0.75, 0.1 , 0.1 , 0.05])]",0.01,1.0,0.99
624,2,2,"[array([0.8, 0.1, 0.1, 0. ]), array([0. , 0.1, 0.1, 0.8])]",0.01,1.0,1.131
625,2,2,"[array([0.75, 0.1 , 0.1 , 0.05]), array([0.05, 0.1 , 0.1 , 0.75])]",0.01,1.0,0.99
626,2,2,"[array([0.7, 0.1, 0.1, 0.1]), array([0.1, 0.1, 0.1, 0.7])]",0.01,1.0,0.849
627,2,2,"[array([0.65, 0.1 , 0.1 , 0.15]), array([0.15, 0.1 , 0.1 , 0.65])]",0.01,1.0,0.707
628,2,2,"[array([0.6, 0.1, 0.1, 0.2]), array([0.2, 0.1, 0.1, 0.6])]",0.01,1.0,0.566
629,2,2,"[array([0.55, 0.1 , 0.1 , 0.25]), array([0.25, 0.1 , 0.1 , 0.55])]",0.01,0.99,0.424
630,2,2,"[array([0.5, 0.1, 0.1, 0.3]), array([0.3, 0.1, 0.1, 0.5])]",0.01,0.96,0.283
631,2,2,"[array([0.45, 0.1 , 0.1 , 0.35]), array([0.35, 0.1 , 0.1 , 0.45])]",0.01,0.61,0.141
632,2,2,"[array([0.4, 0.1, 0.1, 0.4]), array([0.4, 0.1, 0.1, 0.4])]",0.01,0.54,0.0
633,2,2,"[array([0.35, 0.1 , 0.1 , 0.45]), array([0.45, 0.1 , 0.1 , 0.35])]",0.01,0.59,0.141
634,2,2,"[array([0.3, 0.1, 0.1, 0.5]), array([0.5, 0.1, 0.1, 0.3])]",0.01,0.91,0.283
635,2,2,"[array([0.25, 0.1 , 0.1 , 0.55]), array([0.55, 0.1 , 0.1 , 0.25])]",0.01,1.0,0.424
636,2,2,"[array([0.2, 0.1, 0.1, 0.6]), array([0.6, 0.1, 0.1, 0.2])]",0.01,1.0,0.566
637,2,2,"[array([0.15, 0.1 , 0.1 , 0.65]), array([0.65, 0.1 , 0.1 , 0.15])]",0.01,1.0,0.707
638,2,2,"[array([0.1, 0.1, 0.1, 0.7]), array([0.7, 0.1, 0.1, 0.1])]",0.01,1.0,0.849
639,2,2,"[array([0.05, 0.1 , 0.1 , 0.75]), array([0.75, 0.1 , 0.1 , 0.05])]",0.01,1.0,0.99
